nbon,nrep,refmethod,prop_monitored_sp,prop_possible_int,prop_realized_int,prop_detected_int
1,1,global,0.5333333333333333,0.296398891966759,0.0046168051708217915,0.003693444136657433
1,2,global,0.5466666666666666,0.2984375,0.003125,0.00078125
1,3,global,0.5066666666666667,0.2183517417162277,0.005097706032285472,0.0033984706881903144
1,4,global,0.52,0.2637795275590551,0.001968503937007874,0.000984251968503937
1,5,global,0.49333333333333335,0.26770293609671847,0.0008635578583765112,0.0
1,6,global,0.5066666666666667,0.22001888574126535,0.003777148253068933,0.0028328611898017
1,7,global,0.49333333333333335,0.1911487758945386,0.003766478342749529,0.002824858757062147
1,8,global,0.5466666666666666,0.2881944444444444,0.006076388888888889,0.0026041666666666665
1,9,global,0.64,0.33514774494556765,0.004665629860031105,0.0015552099533437014
1,10,global,0.49333333333333335,0.23756906077348067,0.007366482504604052,0.004604051565377533
1,11,global,0.4,0.18452935694315004,0.001863932898415657,0.001863932898415657
1,12,global,0.4666666666666667,0.23834652594547054,0.008795074758135445,0.0043975373790677225
1,13,global,0.4666666666666667,0.2252410166520596,0.0052585451358457495,0.0017528483786152498
1,14,global,0.5333333333333333,0.2939453125,0.0087890625,0.0009765625
1,15,global,0.56,0.328781512605042,0.004201680672268907,0.0010504201680672268
1,16,global,0.4666666666666667,0.28868360277136257,0.003464203233256351,0.0011547344110854503
1,17,global,0.56,0.29138321995464855,0.0022675736961451248,0.0011337868480725624
1,18,global,0.44,0.22372227579556414,0.0048216007714561235,0.0028929604628736743
1,19,global,0.5466666666666666,0.3149062191510365,0.003948667324777887,0.0
1,20,global,0.49333333333333335,0.2719633307868602,0.0030557677616501145,0.0007639419404125286
1,21,global,0.56,0.3445212240868707,0.003948667324777887,0.0019743336623889436
1,22,global,0.5333333333333333,0.3205828779599271,0.00273224043715847,0.0018214936247723133
1,23,global,0.4666666666666667,0.18645484949832775,0.002508361204013378,0.0008361204013377926
1,24,global,0.41333333333333333,0.17702596380802518,0.003147128245476003,0.0
1,25,global,0.5333333333333333,0.29365079365079366,0.005291005291005291,0.0026455026455026454
1,26,global,0.5333333333333333,0.2757955641272903,0.0028929604628736743,0.0009643201542912247
1,27,global,0.52,0.2560763888888889,0.0026041666666666665,0.0026041666666666665
1,28,global,0.4,0.18445772843723313,0.005977796754910333,0.005977796754910333
1,29,global,0.5066666666666667,0.2545454545454545,0.00808080808080808,0.00404040404040404
1,30,global,0.4533333333333333,0.2189300411522634,0.00411522633744856,0.0016460905349794238
1,31,global,0.6133333333333333,0.4440619621342513,0.0034423407917383822,0.0017211703958691911
1,32,global,0.44,0.20480668756530826,0.006269592476489028,0.003134796238244514
1,33,global,0.5466666666666666,0.3037716615698267,0.004077471967380225,0.0010193679918450561
1,34,global,0.49333333333333335,0.23805855161787365,0.004622496147919877,0.0007704160246533128
1,35,global,0.5066666666666667,0.2846638655462185,0.005252100840336135,0.0021008403361344537
1,36,global,0.52,0.24981188863807374,0.0030097817908201654,0.0015048908954100827
1,37,global,0.5066666666666667,0.25,0.004464285714285714,0.0026785714285714286
1,38,global,0.4,0.18556701030927836,0.003965107057890563,0.0007930214115781126
1,39,global,0.44,0.1917808219178082,0.0029354207436399216,0.0009784735812133072
1,40,global,0.5333333333333333,0.26459143968871596,0.0029182879377431907,0.0019455252918287938
1,41,global,0.52,0.2546537602382725,0.0052122114668652275,0.0022338049143708115
1,42,global,0.5066666666666667,0.25623130608175476,0.007976071784646061,0.0029910269192422734
1,43,global,0.49333333333333335,0.222568093385214,0.0007782101167315176,0.0
1,44,global,0.49333333333333335,0.19064124783362218,0.006932409012131715,0.0
1,45,global,0.37333333333333335,0.14445574771108852,0.002034587995930824,0.0
1,46,global,0.49333333333333335,0.2627257799671593,0.0049261083743842365,0.0024630541871921183
1,47,global,0.5333333333333333,0.2845691382765531,0.004008016032064128,0.002004008016032064
1,48,global,0.5466666666666666,0.25960539979231567,0.004153686396677051,0.0020768431983385254
1,49,global,0.48,0.22788461538461538,0.004807692307692308,0.0028846153846153848
1,50,global,0.4666666666666667,0.1964436917866215,0.006773920406435224,0.004233700254022015
10,1,global,1.0,0.9165919282511211,0.03497757847533632,0.011659192825112108
10,2,global,1.0,0.8370457209847597,0.05509964830011723,0.026963657678780773
10,3,global,0.9733333333333334,0.8085106382978723,0.04591265397536394,0.022396416573348264
10,4,global,1.0,0.935965848452508,0.042689434364994665,0.022411953041622197
10,5,global,0.9733333333333334,0.8478444632290786,0.04142011834319527,0.016060862214708368
10,6,global,0.9866666666666667,0.8367875647668394,0.031088082901554404,0.015544041450777202
10,7,global,0.9733333333333334,0.8289738430583501,0.0482897384305835,0.014084507042253521
10,8,global,0.9866666666666667,0.8759776536312849,0.04022346368715084,0.017877094972067038
10,9,global,0.9733333333333334,0.8060428849902534,0.04580896686159844,0.018518518518518517
10,10,global,0.9333333333333333,0.7563025210084033,0.031746031746031744,0.015873015873015872
10,11,global,0.9333333333333333,0.7641144624903325,0.027068832173240527,0.013147718484145398
10,12,global,0.9733333333333334,0.781305114638448,0.03791887125220458,0.01763668430335097
10,13,global,0.96,0.8075526506899056,0.030501089324618737,0.013798111837327523
10,14,global,0.9866666666666667,0.8942505133470225,0.043121149897330596,0.018480492813141684
10,15,global,0.9733333333333334,0.8019047619047619,0.03238095238095238,0.014285714285714285
10,16,global,0.9866666666666667,0.7512605042016807,0.03529411764705882,0.010084033613445379
10,17,global,0.9866666666666667,0.8970893970893971,0.04054054054054054,0.014553014553014554
10,18,global,0.96,0.7482078853046595,0.03494623655913978,0.013440860215053764
10,19,global,0.9733333333333334,0.7514734774066798,0.03339882121807466,0.01768172888015717
10,20,global,0.96,0.8472762645914397,0.04571984435797665,0.021400778210116732
10,21,global,0.9733333333333334,0.7874087591240876,0.04288321167883212,0.01824817518248175
10,22,global,0.96,0.8372294372294372,0.04415584415584416,0.017316017316017316
10,23,global,0.9733333333333334,0.8479477611940298,0.04291044776119403,0.012126865671641791
10,24,global,0.9866666666666667,0.8353174603174603,0.04265873015873016,0.016865079365079364
10,25,global,0.9733333333333334,0.8375108038029386,0.03975799481417459,0.013828867761452032
10,26,global,0.9733333333333334,0.8296296296296296,0.03888888888888889,0.010185185185185186
10,27,global,1.0,0.8740157480314961,0.038385826771653545,0.012795275590551181
10,28,global,0.9866666666666667,0.8637803590285111,0.03695881731784583,0.01689545934530095
10,29,global,1.0,0.8845760980592441,0.04800817160367722,0.013278855975485188
10,30,global,0.9866666666666667,0.8113017154389506,0.03632694248234107,0.013118062563067608
10,31,global,0.9866666666666667,0.8466838931955211,0.03789836347975883,0.015503875968992248
10,32,global,1.0,0.910268270120259,0.04440333024976873,0.020351526364477335
10,33,global,1.0,0.8985005767012687,0.049596309111880045,0.00922722029988466
10,34,global,0.96,0.7590027700831025,0.03508771929824561,0.013850415512465374
10,35,global,0.9866666666666667,0.8138385502471169,0.02800658978583196,0.009884678747940691
10,36,global,0.9866666666666667,0.8212809917355371,0.04132231404958678,0.01962809917355372
10,37,global,0.9466666666666667,0.796844181459566,0.04339250493096647,0.021696252465483234
10,38,global,1.0,0.824750192159877,0.026133743274404306,0.009992313604919293
10,39,global,0.9733333333333334,0.7964184731385485,0.027332704995287466,0.00942507068803016
10,40,global,0.9866666666666667,0.8019900497512438,0.03482587064676617,0.01691542288557214
10,41,global,0.9466666666666667,0.7583955223880597,0.026119402985074626,0.011194029850746268
10,42,global,0.9733333333333334,0.8374233128834356,0.044989775051124746,0.016359918200409
10,43,global,1.0,0.8723584108199492,0.03634826711749789,0.016060862214708368
10,44,global,0.9733333333333334,0.8285144566301097,0.03589232303090728,0.014955134596211365
10,45,global,0.9733333333333334,0.8377682403433476,0.030901287553648068,0.012875536480686695
10,46,global,0.9466666666666667,0.7450980392156863,0.04723707664884135,0.01871657754010695
10,47,global,0.9866666666666667,0.783975659229209,0.04259634888438134,0.02231237322515213
10,48,global,0.96,0.8583061889250815,0.03664495114006515,0.014657980456026058
10,49,global,1.0,0.8924731182795699,0.02956989247311828,0.011648745519713262
10,50,global,1.0,0.9056956115779645,0.029878618113912233,0.01027077497665733
20,1,global,0.9866666666666667,0.9466929911154985,0.08193484698914116,0.02665350444225074
20,2,global,1.0,0.9166666666666666,0.04941860465116279,0.02616279069767442
20,3,global,1.0,0.9511158342189161,0.057385759829968117,0.03400637619553666
20,4,global,0.9866666666666667,0.9411134903640257,0.09207708779443255,0.047109207708779445
20,5,global,1.0,0.9346826126954921,0.0671573137074517,0.02391904323827047
20,6,global,0.9866666666666667,0.8705161854768154,0.07699037620297462,0.03237095363079615
20,7,global,0.9866666666666667,0.9029275808936826,0.059322033898305086,0.023882896764252697
20,8,global,0.9733333333333334,0.9042904290429042,0.05198019801980198,0.0231023102310231
20,9,global,1.0,0.9377256317689531,0.0776173285198556,0.02527075812274368
20,10,global,0.9733333333333334,0.9087332808811959,0.05350118017309206,0.029110936270653028
20,11,global,0.9866666666666667,0.8966223132036848,0.07471852610030706,0.027635619242579325
20,12,global,0.9866666666666667,0.8933333333333333,0.08555555555555555,0.04
20,13,global,0.9866666666666667,0.9077181208053692,0.06459731543624161,0.03271812080536913
20,14,global,1.0,0.9452449567723343,0.07300672430355427,0.022094140249759846
20,15,global,1.0,0.8774459320288363,0.0690010298661174,0.032955715756951595
20,16,global,1.0,0.9424736337488016,0.06711409395973154,0.027804410354745925
20,17,global,1.0,0.9350121852152722,0.059301380991064176,0.030869212022745736
20,18,global,1.0,0.9621668099742047,0.05932932072226999,0.03009458297506449
20,19,global,0.9733333333333334,0.8753180661577609,0.056827820186598814,0.020356234096692113
20,20,global,1.0,0.9385574354407836,0.06500445235975066,0.015138023152270703
20,21,global,1.0,0.9278794402583423,0.07427341227125941,0.02583423035522067
20,22,global,0.9866666666666667,0.8969804618117229,0.06127886323268206,0.018650088809946713
20,23,global,0.9866666666666667,0.8881057268722466,0.06519823788546256,0.028193832599118944
20,24,global,0.9733333333333334,0.8542009884678748,0.048599670510708404,0.026359143327841845
20,25,global,1.0,0.9210526315789473,0.08176691729323309,0.03383458646616541
20,26,global,1.0,0.9012875536480687,0.07296137339055794,0.034334763948497854
20,27,global,1.0,0.8955895589558955,0.0639063906390639,0.0315031503150315
20,28,global,1.0,0.9395604395604396,0.04945054945054945,0.020146520146520148
20,29,global,1.0,0.962135922330097,0.08446601941747572,0.027184466019417475
20,30,global,0.9866666666666667,0.8404850746268657,0.058768656716417914,0.022388059701492536
20,31,global,0.9866666666666667,0.9100998890122086,0.08324084350721421,0.03218645948945616
20,32,global,0.9733333333333334,0.8618025751072962,0.07124463519313305,0.026609442060085836
20,33,global,1.0,0.9300373134328358,0.07462686567164178,0.026119402985074626
20,34,global,1.0,0.9378238341968912,0.06735751295336788,0.022452504317789293
20,35,global,0.9733333333333334,0.8831683168316832,0.07920792079207921,0.04356435643564356
20,36,global,0.9866666666666667,0.8677536231884058,0.07518115942028986,0.030797101449275364
20,37,global,0.9733333333333334,0.8662131519274376,0.07482993197278912,0.032879818594104306
20,38,global,1.0,0.9274336283185841,0.06637168141592921,0.02654867256637168
20,39,global,1.0,0.9476145930776426,0.06548175865294668,0.028999064546304958
20,40,global,0.9866666666666667,0.9196428571428571,0.075,0.04017857142857143
20,41,global,1.0,0.9293286219081273,0.06802120141342756,0.022968197879858657
20,42,global,1.0,0.9435483870967742,0.04618768328445748,0.022727272727272728
20,43,global,1.0,0.863677130044843,0.06905829596412556,0.02600896860986547
20,44,global,0.9866666666666667,0.870242214532872,0.0657439446366782,0.0328719723183391
20,45,global,0.9866666666666667,0.9453658536585365,0.07121951219512195,0.03609756097560975
20,46,global,0.9866666666666667,0.8992688870836718,0.06498781478472786,0.02924451665312754
20,47,global,1.0,0.8954635108481263,0.07889546351084813,0.03254437869822485
20,48,global,0.9866666666666667,0.8572642310960068,0.05437553101104503,0.02463891248937978
20,49,global,1.0,0.9124343257443083,0.0691768826619965,0.0297723292469352
20,50,global,0.9866666666666667,0.9150043365134432,0.07718993928881179,0.031222896790980052
30,1,global,1.0,0.9583033788641265,0.05966930265995687,0.019410496046010063
30,2,global,1.0,0.9477434679334917,0.08867775138558986,0.026920031670625493
30,3,global,1.0,0.9483606557377049,0.09918032786885246,0.05
30,4,global,0.9866666666666667,0.8867924528301887,0.09056603773584905,0.04150943396226415
30,5,global,1.0,0.934763181411975,0.07238605898123325,0.02323503127792672
30,6,global,1.0,0.9576271186440678,0.08380414312617702,0.038606403013182675
30,7,global,1.0,0.941240478781284,0.09466811751904244,0.04026115342763874
30,8,global,1.0,0.9326275264677575,0.09720885466794996,0.03849855630413859
30,9,global,1.0,0.9184735472679966,0.07892454466608846,0.03469210754553339
30,10,global,0.9866666666666667,0.8975650713685979,0.0873215785054576,0.03526448362720403
30,11,global,1.0,0.9553969669937555,0.08563782337198929,0.030330062444246207
30,12,global,1.0,0.908641975308642,0.09794238683127572,0.03786008230452675
30,13,global,1.0,0.9523809523809523,0.07857142857142857,0.030952380952380953
30,14,global,0.9866666666666667,0.9090909090909091,0.10214504596527069,0.03472931562819203
30,15,global,1.0,0.926711668273867,0.09161041465766634,0.03471552555448409
30,16,global,1.0,0.884009009009009,0.06306306306306306,0.019144144144144143
30,17,global,1.0,0.9606299212598425,0.09055118110236221,0.03937007874015748
30,18,global,1.0,0.8920402561756633,0.06678865507776761,0.027447392497712716
30,19,global,1.0,0.9353274050121261,0.08003233629749394,0.030719482619240096
30,20,global,1.0,0.9582664526484751,0.0754414125200642,0.030497592295345103
30,21,global,0.9866666666666667,0.9289520426287744,0.09769094138543517,0.03641207815275311
30,22,global,1.0,0.9497435897435897,0.11384615384615385,0.041025641025641026
30,23,global,1.0,0.9280575539568345,0.07266187050359713,0.02877697841726619
30,24,global,1.0,0.9612778315585673,0.0909970958373669,0.028073572120038724
30,25,global,1.0,0.8940886699507389,0.06321839080459771,0.025451559934318555
30,26,global,0.9866666666666667,0.9435414884516681,0.09153122326775022,0.032506415739948676
30,27,global,1.0,0.9125386996904025,0.08204334365325078,0.03715170278637771
30,28,global,0.9866666666666667,0.9107692307692308,0.024615384615384615,0.01
30,29,global,0.96,0.8581497797356828,0.08105726872246696,0.030837004405286344
30,30,global,1.0,0.9634906500445236,0.09617097061442564,0.031166518254674976
30,31,global,1.0,0.9674868189806678,0.09050966608084358,0.027240773286467488
30,32,global,1.0,0.9420018709073901,0.11131898971000935,0.0411599625818522
30,33,global,1.0,0.9545823195458232,0.0827250608272506,0.029197080291970802
30,34,global,1.0,0.939679547596607,0.11215834118755891,0.03958529688972667
30,35,global,1.0,0.9551641313050441,0.08166533226581266,0.02642113690952762
30,36,global,1.0,0.9326923076923077,0.06971153846153846,0.038461538461538464
30,37,global,1.0,0.9267161410018553,0.09276437847866419,0.032467532467532464
30,38,global,1.0,0.8826530612244898,0.1,0.04693877551020408
30,39,global,1.0,0.9328802039082413,0.08411214953271028,0.028037383177570093
30,40,global,1.0,0.9504950495049505,0.11584158415841585,0.04554455445544554
30,41,global,1.0,0.9139280125195618,0.07589984350547731,0.03286384976525822
30,42,global,0.9866666666666667,0.9307178631051753,0.08096828046744574,0.030884808013355594
30,43,global,1.0,0.9641367806505421,0.09007506255212677,0.03252710592160134
30,44,global,1.0,0.9380733944954128,0.07033639143730887,0.03211009174311927
30,45,global,1.0,0.9324324324324325,0.10083160083160084,0.035343035343035345
30,46,global,1.0,0.928169014084507,0.07323943661971831,0.028873239436619718
30,47,global,1.0,0.9096385542168675,0.07228915662650602,0.031841652323580036
30,48,global,1.0,0.9631236442516269,0.0911062906724512,0.04121475054229935
30,49,global,1.0,0.9194352159468439,0.08471760797342193,0.027408637873754152
30,50,global,1.0,0.9343971631205674,0.09663120567375887,0.03368794326241135
40,1,global,1.0,0.9706546275395034,0.1000752445447705,0.040632054176072234
40,2,global,1.0,0.9442993907745866,0.11401218450826806,0.0391644908616188
40,3,global,1.0,0.9650872817955112,0.09310058187863675,0.03325020781379884
40,4,global,1.0,0.9526970954356846,0.13941908713692946,0.04232365145228216
40,5,global,1.0,0.9541375872382851,0.12063808574277168,0.03290129611166501
40,6,global,0.9866666666666667,0.9394213381555153,0.08227848101265822,0.0379746835443038
40,7,global,1.0,0.9765258215962441,0.12863849765258217,0.056338028169014086
40,8,global,1.0,0.9498607242339833,0.10770659238625813,0.0510677808727948
40,9,global,1.0,0.9516263552960801,0.11759799833194329,0.042535446205170975
40,10,global,1.0,0.9716006884681584,0.060240963855421686,0.02323580034423408
40,11,global,1.0,0.9868766404199475,0.14173228346456693,0.05336832895888014
40,12,global,0.9866666666666667,0.9223744292237442,0.11232876712328767,0.0410958904109589
40,13,global,1.0,0.9857868020304569,0.12385786802030457,0.04263959390862944
40,14,global,1.0,0.964189794091316,0.11996418979409132,0.05819158460161146
40,15,global,0.9866666666666667,0.943649373881932,0.07871198568872988,0.03667262969588551
40,16,global,1.0,0.9653767820773931,0.09063136456211812,0.035641547861507125
40,17,global,1.0,0.948695652173913,0.10260869565217391,0.042608695652173914
40,18,global,1.0,0.9471243042671614,0.10667903525046382,0.039888682745825604
40,19,global,1.0,0.9500723589001447,0.11070911722141824,0.03690303907380608
40,20,global,1.0,0.9599636032757052,0.1292083712465878,0.05004549590536852
40,21,global,0.9866666666666667,0.9596244131455399,0.10516431924882629,0.022535211267605635
40,22,global,1.0,0.9508928571428571,0.12321428571428572,0.05892857142857143
40,23,global,1.0,0.9368213228035538,0.12142152023692004,0.044422507403751234
40,24,global,1.0,0.9553831231813773,0.1367604267701261,0.038797284190106696
40,25,global,1.0,0.9600307455803229,0.11299000768639508,0.0568793235972329
40,26,global,1.0,0.9604863221884499,0.11474164133738601,0.05927051671732523
40,27,global,1.0,0.936026936026936,0.1324354657687991,0.05723905723905724
40,28,global,1.0,0.9488768396591789,0.104570100697134,0.026336173508907823
40,29,global,1.0,0.9396396396396396,0.11891891891891893,0.044144144144144144
40,30,global,1.0,0.9302575107296137,0.11051502145922747,0.03862660944206009
40,31,global,1.0,0.9348249027237354,0.1254863813229572,0.05058365758754864
40,32,global,1.0,0.9779693486590039,0.12164750957854406,0.05842911877394636
40,33,global,1.0,0.950354609929078,0.09929078014184398,0.03242147922998987
40,34,global,1.0,0.9403131115459883,0.14285714285714285,0.05968688845401174
40,35,global,1.0,0.9710743801652892,0.10227272727272728,0.04442148760330578
40,36,global,1.0,0.9538066723695466,0.10436270316509838,0.041060735671514116
40,37,global,1.0,0.9526901669758813,0.09369202226345083,0.04267161410018553
40,38,global,1.0,0.9336143308746049,0.1285563751317176,0.0547945205479452
40,39,global,1.0,0.9807135969141755,0.13114754098360656,0.044358727097396335
40,40,global,1.0,0.9441723800195886,0.0881488736532811,0.04113614103819784
40,41,global,1.0,0.9422084623323014,0.13828689370485037,0.05779153766769866
40,42,global,1.0,0.948051948051948,0.11873840445269017,0.05380333951762523
40,43,global,1.0,0.9485038274182325,0.08907446068197634,0.030619345859429367
40,44,global,1.0,0.9371633752244165,0.09515260323159784,0.04129263913824058
40,45,global,1.0,0.9797713280562885,0.11961301671064203,0.058927000879507474
40,46,global,1.0,0.9696682464454977,0.1052132701421801,0.04170616113744076
40,47,global,1.0,0.9525,0.10583333333333333,0.0425
40,48,global,1.0,0.9798183652875883,0.124117053481332,0.05247225025227043
40,49,global,1.0,0.947680157946693,0.10957551826258638,0.054294175715695954
40,50,global,1.0,0.9738317757009346,0.1411214953271028,0.05514018691588785
50,1,global,1.0,0.9413854351687388,0.0994671403197158,0.041740674955595025
50,2,global,0.9866666666666667,0.9446772841575859,0.11483654652137469,0.04526404023470243
50,3,global,0.9866666666666667,0.9141463414634147,0.13560975609756099,0.04780487804878049
50,4,global,1.0,0.9665271966527197,0.1205020920502092,0.0502092050209205
50,5,global,1.0,0.9898753894080997,0.1277258566978193,0.05529595015576324
50,6,global,1.0,0.9547359597652976,0.12070410729253982,0.05113160100586756
50,7,global,1.0,0.9484265734265734,0.13111888111888112,0.043706293706293704
50,8,global,1.0,0.9704830053667263,0.12432915921288014,0.04561717352415027
50,9,global,1.0,0.9705284552845529,0.1717479674796748,0.0741869918699187
50,10,global,1.0,0.9534016775396086,0.1509785647716682,0.04287045666356011
50,11,global,1.0,0.9125,0.16458333333333333,0.06666666666666667
50,12,global,0.9866666666666667,0.9605150214592275,0.12274678111587983,0.048068669527897
50,13,global,1.0,0.9537037037037037,0.12129629629629629,0.03425925925925926
50,14,global,1.0,0.9087982832618026,0.11909871244635194,0.04935622317596566
50,15,global,1.0,0.9385474860335196,0.12769353551476456,0.05905826017557861
50,16,global,1.0,0.9541375872382851,0.14057826520438685,0.06181455633100698
50,17,global,1.0,0.9379194630872483,0.13506711409395974,0.05620805369127517
50,18,global,1.0,0.9665889665889665,0.12121212121212122,0.057498057498057496
50,19,global,1.0,0.9714518760195758,0.12234910277324633,0.05301794453507341
50,20,global,1.0,0.9427402862985685,0.11042944785276074,0.05623721881390593
50,21,global,1.0,0.9516509433962265,0.18867924528301888,0.06485849056603774
50,22,global,1.0,0.9691808596918086,0.12489862124898621,0.0535279805352798
50,23,global,1.0,0.95561850802644,0.12464589235127478,0.05004721435316336
50,24,global,1.0,0.9678714859437751,0.13453815261044177,0.05321285140562249
50,25,global,1.0,0.9463087248322147,0.125,0.05201342281879195
50,26,global,1.0,0.9242819843342036,0.10095735422106179,0.038294168842471714
50,27,global,1.0,0.9265116279069767,0.13581395348837208,0.053953488372093024
50,28,global,1.0,0.955193482688391,0.1425661914460285,0.05295315682281059
50,29,global,1.0,0.9329710144927537,0.13949275362318841,0.05615942028985507
50,30,global,1.0,0.977859778597786,0.12177121771217712,0.0470479704797048
50,31,global,1.0,0.9490662139219015,0.10186757215619695,0.04584040747028863
50,32,global,0.9866666666666667,0.9516757599376462,0.10210444271239283,0.03819173811379579
50,33,global,1.0,0.9621421975992613,0.13019390581717452,0.06001846722068329
50,34,global,1.0,0.9339388934764657,0.11890999174236168,0.04376548307184145
50,35,global,1.0,0.9647532729103726,0.1339375629405841,0.05740181268882175
50,36,global,1.0,0.9783315276273022,0.16143011917659805,0.06825568797399784
50,37,global,1.0,0.9677113010446344,0.14814814814814814,0.05413105413105413
50,38,global,1.0,0.9521660649819494,0.11823104693140794,0.04422382671480144
50,39,global,1.0,0.9405074365704287,0.10323709536307961,0.04636920384951881
50,40,global,1.0,0.9787234042553191,0.16558741905642924,0.06290471785383904
50,41,global,1.0,0.976929902395741,0.11801242236024845,0.044365572315882874
50,42,global,0.9866666666666667,0.9437269372693727,0.12730627306273062,0.04797047970479705
50,43,global,1.0,0.963276836158192,0.128060263653484,0.05743879472693032
50,44,global,1.0,0.9724770642201835,0.15412844036697249,0.060550458715596334
50,45,global,0.9866666666666667,0.9565646594274433,0.12833168805528133,0.05330700888450148
50,46,global,1.0,0.9562624254473161,0.1481113320079523,0.07256461232604373
50,47,global,1.0,0.9738219895287958,0.1143106457242583,0.04013961605584642
50,48,global,1.0,0.9903762029746281,0.14960629921259844,0.06036745406824147
50,49,global,1.0,0.9820627802690582,0.1273542600896861,0.05739910313901345
50,50,global,0.9866666666666667,0.9423215573179524,0.09300648882480173,0.03677000720980533
60,1,global,1.0,0.9915966386554622,0.15546218487394958,0.07563025210084033
60,2,global,1.0,0.9290780141843972,0.1347517730496454,0.0591016548463357
60,3,global,1.0,0.9723101265822784,0.127373417721519,0.048259493670886076
60,4,global,1.0,0.9179163378058406,0.08997632202052092,0.04025256511444357
60,5,global,1.0,0.9640350877192982,0.13596491228070176,0.06315789473684211
60,6,global,1.0,0.9634489222118088,0.1696344892221181,0.04779756326148079
60,7,global,1.0,0.9242957746478874,0.12059859154929578,0.05457746478873239
60,8,global,1.0,0.9790076335877863,0.14026717557251908,0.04866412213740458
60,9,global,1.0,0.9596837944664032,0.14071146245059288,0.05612648221343874
60,10,global,1.0,0.9695074276778733,0.15480844409695074,0.05238467552775606
60,11,global,1.0,0.9580246913580247,0.16954732510288065,0.0551440329218107
60,12,global,0.9866666666666667,0.9133522727272727,0.13991477272727273,0.04971590909090909
60,13,global,1.0,0.9818181818181818,0.16047430830039525,0.07430830039525692
60,14,global,1.0,0.9612109744560076,0.15704824976348156,0.06433301797540208
60,15,global,1.0,0.9366071428571429,0.14464285714285716,0.04196428571428571
60,16,global,1.0,0.9289940828402367,0.131163708086785,0.0601577909270217
60,17,global,1.0,0.9664855072463768,0.14402173913043478,0.06431159420289854
60,18,global,0.9866666666666667,0.9481680071492404,0.15638963360142985,0.05987488829311886
60,19,global,1.0,0.943069306930693,0.13861386138613863,0.057755775577557754
60,20,global,1.0,0.9669724770642202,0.16788990825688074,0.05504587155963303
60,21,global,1.0,0.9353035143769968,0.1485623003194888,0.05750798722044728
60,22,global,1.0,0.977022977022977,0.15884115884115885,0.055944055944055944
60,23,global,1.0,0.9507389162561576,0.13957307060755336,0.06157635467980296
60,24,global,1.0,0.9565217391304348,0.13043478260869565,0.041189931350114416
60,25,global,1.0,0.950530035335689,0.15459363957597172,0.0706713780918728
60,26,global,0.9866666666666667,0.9316436251920123,0.14285714285714285,0.060675883256528416
60,27,global,1.0,0.9741451209341118,0.13928273561301086,0.05254378648874062
60,28,global,1.0,0.9312906220984215,0.17827298050139276,0.07613741875580315
60,29,global,1.0,0.960668633235005,0.16420845624385447,0.06686332350049164
60,30,global,1.0,0.9709803921568627,0.13725490196078433,0.06274509803921569
60,31,global,1.0,0.9656387665198238,0.15330396475770924,0.05991189427312775
60,32,global,1.0,0.9726295210166178,0.16324535679374388,0.06256109481915934
60,33,global,1.0,0.9751609935602575,0.18491260349586017,0.05427782888684453
60,34,global,1.0,0.9619151251360174,0.1632208922742111,0.06528835690968444
60,35,global,1.0,0.9387755102040817,0.14285714285714285,0.07102040816326531
60,36,global,1.0,0.9767441860465116,0.12209302325581395,0.04748062015503876
60,37,global,1.0,0.9552590266875981,0.13971742543171115,0.05180533751962323
60,38,global,1.0,0.9793307086614174,0.08464566929133858,0.03543307086614173
60,39,global,1.0,0.9792013311148087,0.1405990016638935,0.06156405990016639
60,40,global,1.0,0.9738617200674536,0.12225969645868466,0.05396290050590219
60,41,global,1.0,0.9825021872265967,0.15923009623797024,0.07174103237095363
60,42,global,1.0,0.9760416666666667,0.15729166666666666,0.058333333333333334
60,43,global,1.0,0.9592529711375212,0.1494057724957555,0.06960950764006792
60,44,global,1.0,0.97571189279732,0.13316582914572864,0.06030150753768844
60,45,global,1.0,0.9709418837675351,0.1813627254509018,0.07515030060120241
60,46,global,1.0,0.9586523736600306,0.10566615620214395,0.052833078101071976
60,47,global,1.0,0.9323164918970448,0.10390848427073403,0.04575786463298379
60,48,global,1.0,0.9502868068833652,0.1367112810707457,0.06405353728489484
60,49,global,1.0,0.9715857011915674,0.152153987167736,0.06874427131072411
60,50,global,1.0,0.9788039364118092,0.1264193792581378,0.05526116578349735
70,1,global,1.0,0.9837837837837838,0.16846846846846847,0.05405405405405406
70,2,global,1.0,0.9577464788732394,0.158953722334004,0.05734406438631791
70,3,global,1.0,0.967670011148272,0.1939799331103679,0.0903010033444816
70,4,global,1.0,0.9832109129066107,0.2266526757607555,0.09233997901364113
70,5,global,1.0,0.9715335169880625,0.19559228650137742,0.07254361799816346
70,6,global,1.0,0.9679245283018868,0.17735849056603772,0.07452830188679245
70,7,global,1.0,0.934156378600823,0.17078189300411523,0.0823045267489712
70,8,global,1.0,0.9289568345323741,0.1618705035971223,0.06744604316546762
70,9,global,1.0,0.9349442379182156,0.18494423791821563,0.07342007434944238
70,10,global,1.0,0.9765690376569037,0.199163179916318,0.08284518828451883
70,11,global,1.0,0.9769926047658176,0.12900575184880855,0.05751848808545604
70,12,global,1.0,0.9728571428571429,0.165,0.07
70,13,global,1.0,0.9538171536286523,0.17813383600377003,0.07540056550424128
70,14,global,0.9866666666666667,0.9311783107403545,0.1397288842544317,0.07194994786235662
70,15,global,1.0,0.980188679245283,0.18584905660377357,0.06886792452830189
70,16,global,1.0,0.9849023090586145,0.15452930728241562,0.06838365896980461
70,17,global,1.0,0.9723127035830619,0.12296416938110749,0.0496742671009772
70,18,global,1.0,0.9629248197734295,0.19464469618949537,0.05973223480947477
70,19,global,1.0,0.9580592105263158,0.14473684210526316,0.05098684210526316
70,20,global,1.0,0.9808978032473734,0.1518624641833811,0.05730659025787966
70,21,global,1.0,0.9453551912568307,0.14571948998178508,0.07103825136612021
70,22,global,1.0,0.9715639810426541,0.16192733017377567,0.07740916271721959
70,23,global,1.0,0.9500471253534402,0.15174363807728558,0.06503298774740811
70,24,global,1.0,0.9667774086378738,0.19019933554817275,0.059800664451827246
70,25,global,1.0,0.9805405405405405,0.16756756756756758,0.06486486486486487
70,26,global,1.0,0.9548167092924126,0.17561807331628304,0.06564364876385337
70,27,global,1.0,0.9656387665198238,0.1973568281938326,0.06431718061674009
70,28,global,1.0,0.9806201550387597,0.16763565891472867,0.05717054263565891
70,29,global,1.0,0.908817635270541,0.1713426853707415,0.07114228456913828
70,30,global,1.0,0.986212489862125,0.16382806163828062,0.058394160583941604
70,31,global,1.0,0.9835430784123911,0.14811229428848016,0.06873184898354308
70,32,global,1.0,0.9788359788359788,0.15419501133786848,0.05971277399848828
70,33,global,1.0,0.9938962360122076,0.22380467955239064,0.0935910478128179
70,34,global,1.0,0.9886956521739131,0.10521739130434783,0.04434782608695652
70,35,global,1.0,0.9276119402985075,0.15074626865671642,0.050746268656716415
70,36,global,1.0,0.9808080808080808,0.16161616161616163,0.06262626262626263
70,37,global,1.0,0.9695787831513261,0.15834633385335414,0.056162246489859596
70,38,global,1.0,0.9427987742594485,0.16547497446373852,0.06741573033707865
70,39,global,1.0,0.9420544337137841,0.15715539947322213,0.07199297629499561
70,40,global,1.0,0.9798076923076923,0.1875,0.0625
70,41,global,1.0,0.9909502262443439,0.1546003016591252,0.05731523378582202
70,42,global,1.0,0.9593625498007968,0.17290836653386454,0.08127490039840637
70,43,global,1.0,0.9422885572139303,0.18109452736318407,0.07064676616915423
70,44,global,1.0,0.9525043177892919,0.19084628670120898,0.07081174438687392
70,45,global,1.0,0.9625117150890347,0.14432989690721648,0.056232427366447985
70,46,global,1.0,0.9722921914357683,0.16120906801007556,0.06297229219143577
70,47,global,1.0,0.976068376068376,0.14615384615384616,0.05982905982905983
70,48,global,1.0,0.9606557377049181,0.10983606557377049,0.05081967213114754
70,49,global,1.0,0.9400599400599401,0.12187812187812187,0.04495504495504495
70,50,global,1.0,0.9474153297682709,0.14705882352941177,0.06506238859180036
80,1,global,1.0,0.962128966223132,0.21903787103377687,0.06857727737973388
80,2,global,1.0,0.9746835443037974,0.17721518987341772,0.06835443037974684
80,3,global,1.0,0.967687074829932,0.125,0.041666666666666664
80,4,global,1.0,0.9746300211416491,0.17547568710359407,0.06765327695560254
80,5,global,1.0,0.9721283783783784,0.15962837837837837,0.05152027027027027
80,6,global,1.0,0.9395306859205776,0.14711191335740073,0.06859205776173286
80,7,global,1.0,0.9781271360218728,0.14832535885167464,0.06220095693779904
80,8,global,1.0,0.9649122807017544,0.10629514963880289,0.054695562435500514
80,9,global,1.0,0.9821587867975022,0.1302408563782337,0.06512042818911686
80,10,global,1.0,0.9726526891522334,0.1722880583409298,0.06836827711941659
80,11,global,1.0,0.9550989345509894,0.1719939117199391,0.05859969558599695
80,12,global,1.0,0.9853345554537122,0.21814848762603117,0.09165902841429881
80,13,global,1.0,0.9675967596759676,0.1476147614761476,0.05490549054905491
80,14,global,1.0,0.984171322160149,0.19553072625698323,0.0931098696461825
80,15,global,1.0,0.9574036511156186,0.22718052738336714,0.08620689655172414
80,16,global,1.0,0.9790794979079498,0.1788702928870293,0.06380753138075314
80,17,global,1.0,0.9779693486590039,0.1743295019157088,0.07471264367816093
80,18,global,1.0,0.9844961240310077,0.21483942414174972,0.08194905869324474
80,19,global,1.0,0.9823973176865046,0.14501257334450965,0.04442581726739313
80,20,global,1.0,0.9620034542314335,0.11917098445595854,0.047495682210708115
80,21,global,1.0,0.9095688748685594,0.19242902208201892,0.08307045215562565
80,22,global,1.0,0.9678483099752679,0.14014839241549876,0.05028854080791426
80,23,global,1.0,0.944202266782912,0.17611159546643418,0.06800348735832606
80,24,global,1.0,0.971843778383288,0.1271571298819255,0.05903723887375113
80,25,global,1.0,0.9805068226120858,0.2134502923976608,0.09259259259259259
80,26,global,1.0,0.9767441860465116,0.1569767441860465,0.05910852713178295
80,27,global,1.0,0.9408866995073891,0.19408866995073892,0.08571428571428572
80,28,global,1.0,0.9846570397111913,0.20577617328519857,0.07851985559566788
80,29,global,1.0,0.9653130287648054,0.16074450084602368,0.05752961082910321
80,30,global,1.0,0.9701195219123506,0.2350597609561753,0.07370517928286853
80,31,global,1.0,0.9672897196261683,0.1690031152647975,0.07476635514018691
80,32,global,1.0,0.9868852459016394,0.14918032786885246,0.054098360655737705
80,33,global,1.0,0.9628349178910977,0.1495246326707001,0.0682800345721694
80,34,global,1.0,0.9747327502429544,0.17881438289601556,0.07871720116618076
80,35,global,1.0,0.9732718894009217,0.15115207373271888,0.07834101382488479
80,36,global,1.0,0.9682539682539683,0.15121136173767752,0.06934001670843776
80,37,global,1.0,0.9892384105960265,0.1216887417218543,0.05380794701986755
80,38,global,1.0,0.9636524822695035,0.18528368794326242,0.0700354609929078
80,39,global,1.0,0.9767911200807265,0.18869828456104945,0.050454086781029264
80,40,global,1.0,0.9882882882882883,0.17297297297297298,0.08108108108108109
80,41,global,1.0,0.9857288481141692,0.21100917431192662,0.0856269113149847
80,42,global,0.9866666666666667,0.8994307400379506,0.14990512333965844,0.05977229601518026
80,43,global,1.0,0.9746588693957114,0.16569200779727095,0.06920077972709551
80,44,global,1.0,0.9539130434782609,0.17565217391304347,0.08260869565217391
80,45,global,1.0,0.9669642857142857,0.14732142857142858,0.05625
80,46,global,1.0,0.9639222941720629,0.17483811285846437,0.0730804810360777
80,47,global,1.0,0.9721539721539721,0.18181818181818182,0.08108108108108109
80,48,global,1.0,0.96,0.155,0.0625
80,49,global,1.0,0.96718322698268,0.14676390154968094,0.05742935278030994
80,50,global,1.0,0.9843317972350231,0.20092165898617512,0.07834101382488479
90,1,global,0.9866666666666667,0.9523809523809523,0.20899470899470898,0.06966490299823633
90,2,global,1.0,0.9902991107518189,0.14308811641067098,0.06386418755052546
90,3,global,1.0,0.9604060913705583,0.22233502538071065,0.10355329949238579
90,4,global,1.0,0.982421875,0.189453125,0.0810546875
90,5,global,1.0,0.9682539682539683,0.2204585537918871,0.09700176366843033
90,6,global,1.0,0.9623188405797102,0.18743961352657004,0.09951690821256039
90,7,global,1.0,0.9692780337941628,0.1827956989247312,0.0706605222734255
90,8,global,1.0,0.9675540765391015,0.18469217970049917,0.064891846921797
90,9,global,1.0,0.9595141700404858,0.21153846153846154,0.07186234817813765
90,10,global,1.0,0.9477351916376306,0.22125435540069685,0.07752613240418119
90,11,global,1.0,0.9457364341085271,0.19896640826873385,0.0913006029285099
90,12,global,1.0,0.9455216989843028,0.25392428439519854,0.08217913204062789
90,13,global,1.0,0.9748953974895398,0.16108786610878661,0.08786610878661087
90,14,global,1.0,0.9627989371124889,0.19574844995571303,0.09300265721877768
90,15,global,1.0,0.9892739273927392,0.15099009900990099,0.06188118811881188
90,16,global,1.0,0.9503171247357294,0.1522198731501057,0.07293868921775898
90,17,global,1.0,0.979957805907173,0.2795358649789029,0.1160337552742616
90,18,global,1.0,0.9834061135371179,0.19825327510917032,0.07074235807860262
90,19,global,1.0,0.9567099567099567,0.21558441558441557,0.08051948051948052
90,20,global,1.0,0.9725759059745348,0.1841332027424094,0.07149853085210578
90,21,global,1.0,0.9548192771084337,0.21084337349397592,0.07931726907630522
90,22,global,1.0,0.9660056657223796,0.20679886685552407,0.07271010387157696
90,23,global,1.0,0.9927007299270073,0.20194647201946472,0.07948094079480941
90,24,global,1.0,0.9679679679679679,0.18618618618618618,0.08408408408408409
90,25,global,1.0,0.9572953736654805,0.18416370106761565,0.06405693950177936
90,26,global,1.0,0.9703849950641659,0.15301085883514315,0.05133267522211254
90,27,global,1.0,0.9427480916030534,0.16030534351145037,0.061068702290076333
90,28,global,1.0,0.951048951048951,0.19755244755244755,0.09178321678321678
90,29,global,1.0,0.9750462107208873,0.2088724584103512,0.09057301293900184
90,30,global,1.0,0.9575221238938053,0.17699115044247787,0.05486725663716814
90,31,global,1.0,0.9841565703634669,0.2096924510717614,0.08108108108108109
90,32,global,1.0,0.9602595296025953,0.20113544201135442,0.08434712084347121
90,33,global,1.0,0.9532075471698114,0.16377358490566038,0.07924528301886792
90,34,global,1.0,0.9702878365831012,0.2404828226555246,0.09935004642525534
90,35,global,1.0,0.9840142095914742,0.2211367673179396,0.07726465364120781
90,36,global,1.0,0.986171132238548,0.20916162489196197,0.09766637856525497
90,37,global,1.0,0.967670011148272,0.21516164994425863,0.08249721293199554
90,38,global,1.0,0.9791252485089463,0.2216699801192843,0.08548707753479125
90,39,global,1.0,0.9785276073619632,0.1656441717791411,0.06441717791411043
90,40,global,1.0,0.9662487945998072,0.18322082931533268,0.06846673095467695
90,41,global,1.0,0.9671052631578947,0.17669172932330826,0.07894736842105263
90,42,global,1.0,0.954337899543379,0.13789954337899543,0.052968036529680365
90,43,global,1.0,0.9671957671957672,0.24338624338624337,0.09947089947089947
90,44,global,1.0,0.9852302345786272,0.157254561251086,0.05039096437880104
90,45,global,1.0,0.9658356417359187,0.1994459833795014,0.0840258541089566
90,46,global,1.0,0.9445564516129032,0.21169354838709678,0.08770161290322581
90,47,global,1.0,0.9777777777777777,0.21777777777777776,0.088
90,48,global,1.0,0.9713147410358566,0.1641434262948207,0.06454183266932272
90,49,global,1.0,0.9497114591920858,0.13602638087386645,0.0651277823577906
90,50,global,1.0,0.9748653500897666,0.18581687612208259,0.0718132854578097
100,1,global,1.0,0.9807897545357525,0.13020277481323372,0.05336179295624333
100,2,global,1.0,0.9685534591194969,0.21203953279424978,0.0664869721473495
100,3,global,1.0,0.9383680555555556,0.1736111111111111,0.06597222222222222
100,4,global,1.0,0.976679104477612,0.2677238805970149,0.06623134328358209
100,5,global,0.9866666666666667,0.9405241935483871,0.23790322580645162,0.10181451612903226
100,6,global,1.0,0.9800153727901614,0.22905457340507301,0.09454265949269793
100,7,global,1.0,0.969187675070028,0.1876750700280112,0.08590102707749767
100,8,global,1.0,0.9762376237623762,0.2386138613861386,0.08811881188118811
100,9,global,1.0,0.9501557632398754,0.19158878504672897,0.07087227414330217
100,10,global,1.0,0.9646643109540636,0.18992932862190812,0.07420494699646643
100,11,global,1.0,0.9667003027245207,0.248234106962664,0.09989909182643794
100,12,global,1.0,0.9791477787851315,0.2601994560290118,0.09610154125113328
100,13,global,1.0,0.9783393501805054,0.16877256317689532,0.07129963898916968
100,14,global,1.0,0.9709618874773139,0.17876588021778583,0.08983666061705989
100,15,global,0.9866666666666667,0.9578454332552693,0.17096018735362997,0.06088992974238876
100,16,global,1.0,0.9646821392532795,0.2341069626639758,0.09788092835519677
100,17,global,1.0,0.9816247582205029,0.19439071566731142,0.06963249516441006
100,18,global,1.0,0.9816069699903195,0.18780251694094868,0.07744433688286544
100,19,global,1.0,0.9688249400479616,0.17665867306155075,0.0671462829736211
100,20,global,1.0,0.9565217391304348,0.19716885743174925,0.07583417593528817
100,21,global,1.0,0.9867354458364038,0.2328666175386883,0.09579955784819455
100,22,global,1.0,0.9868913857677902,0.22846441947565543,0.10112359550561797
100,23,global,1.0,0.9787626962142197,0.18744228993536471,0.09879963065558633
100,24,global,1.0,0.9815950920245399,0.174079754601227,0.07285276073619631
100,25,global,1.0,0.9600997506234414,0.171238570241064,0.0773067331670823
100,26,global,1.0,0.8913043478260869,0.20600414078674947,0.09006211180124224
100,27,global,1.0,0.9813311688311688,0.18019480519480519,0.0689935064935065
100,28,global,1.0,0.9868791002811621,0.204311152764761,0.08341143392689784
100,29,global,1.0,0.9738693467336683,0.2743718592964824,0.10753768844221105
100,30,global,1.0,0.9674457429048414,0.2270450751252087,0.09181969949916527
100,31,global,1.0,0.9858841010401189,0.15453194650817237,0.06240713224368499
100,32,global,1.0,0.9565637065637066,0.18629343629343628,0.07818532818532818
100,33,global,1.0,0.9710144927536232,0.2525879917184265,0.09627329192546584
100,34,global,1.0,0.9613572101790764,0.21960414703110273,0.07917059377945335
100,35,global,1.0,0.9920255183413078,0.19617224880382775,0.0685805422647528
100,36,global,1.0,0.9776744186046512,0.24186046511627907,0.09023255813953489
100,37,global,1.0,0.9695688926458157,0.16990701606086223,0.0650887573964497
100,38,global,1.0,0.97678916827853,0.20502901353965183,0.08704061895551257
100,39,global,1.0,0.9796782387806944,0.20914479254868756,0.09060118543607112
100,40,global,1.0,0.9724612736660929,0.16265060240963855,0.05938037865748709
100,41,global,1.0,0.974036850921273,0.18592964824120603,0.08040201005025126
100,42,global,1.0,0.9828620394173093,0.21422450728363324,0.08140531276778064
100,43,global,1.0,0.9661016949152542,0.22139830508474576,0.07944915254237288
100,44,global,1.0,0.97643362136685,0.13668499607227022,0.04870384917517675
100,45,global,1.0,0.9764453961456103,0.26124197002141325,0.10278372591006424
100,46,global,1.0,0.9798598949211909,0.22504378283712784,0.08231173380035026
100,47,global,1.0,0.9678260869565217,0.18782608695652173,0.07652173913043478
100,48,global,1.0,0.9691358024691358,0.2054673721340388,0.09347442680776014
100,49,global,1.0,0.9615795090715048,0.21664887940234792,0.09071504802561366
100,50,global,1.0,0.980565371024735,0.19522968197879859,0.06537102473498234
110,1,global,1.0,0.967885816235504,0.1855486173059768,0.08206958073148975
110,2,global,0.9866666666666667,0.9339788732394366,0.22799295774647887,0.09154929577464789
110,3,global,1.0,0.9927385892116183,0.2551867219917012,0.1078838174273859
110,4,global,1.0,0.9888793840889649,0.21129170230966637,0.07784431137724551
110,5,global,1.0,0.9697525206232814,0.18056828597616864,0.08249312557286893
110,6,global,1.0,0.9752396166134185,0.2380191693290735,0.0950479233226837
110,7,global,1.0,0.9885386819484241,0.19866284622731614,0.06876790830945559
110,8,global,1.0,0.9687836383207751,0.25941872981700753,0.10226049515608181
110,9,global,1.0,0.984271523178808,0.18956953642384106,0.07201986754966887
110,10,global,1.0,0.958670260557053,0.25426774483378256,0.12039532794249776
110,11,global,1.0,0.983370288248337,0.21175166297117518,0.08425720620842572
110,12,global,1.0,0.9638439581351094,0.24738344433872503,0.09800190294957184
110,13,global,1.0,0.9641608391608392,0.19318181818181818,0.07080419580419581
110,14,global,1.0,0.9910130718954249,0.18055555555555555,0.08333333333333333
110,15,global,1.0,0.9801980198019802,0.23143564356435645,0.0853960396039604
110,16,global,1.0,0.9622950819672131,0.1885245901639344,0.06557377049180328
110,17,global,1.0,0.9744114636642784,0.1617195496417605,0.05629477993858751
110,18,global,1.0,0.9851607584501236,0.20527617477328935,0.07831821929101401
110,19,global,1.0,0.9725022914757103,0.21356553620531624,0.07332722273143905
110,20,global,1.0,0.9768439108061749,0.21612349914236706,0.09262435677530018
110,21,global,1.0,0.9712230215827338,0.20554984583761562,0.06783144912641316
110,22,global,1.0,0.9754299754299754,0.25552825552825553,0.08845208845208845
110,23,global,1.0,0.9735294117647059,0.23431372549019608,0.08627450980392157
110,24,global,1.0,0.9548802946593001,0.2265193370165746,0.10497237569060773
110,25,global,1.0,0.9925187032418953,0.21280133000831256,0.07813798836242726
110,26,global,1.0,0.9861751152073732,0.20184331797235022,0.07373271889400922
110,27,global,1.0,0.9500378501135504,0.17032551097653292,0.08629825889477669
110,28,global,1.0,0.9652029826014913,0.20463960231980116,0.07953603976801989
110,29,global,1.0,0.9844006568144499,0.2110016420361248,0.07307060755336617
110,30,global,1.0,0.9476268412438625,0.20212765957446807,0.0851063829787234
110,31,global,1.0,0.9593073593073593,0.18701298701298702,0.09090909090909091
110,32,global,1.0,0.9821596244131455,0.28075117370892017,0.10985915492957747
110,33,global,1.0,0.9657198824681684,0.24975514201762977,0.10186092066601371
110,34,global,1.0,0.9848888888888889,0.24355555555555555,0.08444444444444445
110,35,global,1.0,0.9751332149200711,0.1936056838365897,0.05328596802841918
110,36,global,1.0,0.9880952380952381,0.20695970695970695,0.08516483516483517
110,37,global,1.0,0.9623616236162361,0.19114391143911438,0.07822878228782287
110,38,global,1.0,0.9455040871934605,0.2652134423251589,0.10626702997275204
110,39,global,1.0,0.9692982456140351,0.19912280701754387,0.08157894736842106
110,40,global,1.0,0.9558333333333333,0.23583333333333334,0.08333333333333333
110,41,global,1.0,0.9769633507853404,0.2293193717277487,0.07015706806282722
110,42,global,1.0,0.9793510324483776,0.20845624385447395,0.10029498525073746
110,43,global,1.0,0.9932773109243698,0.24033613445378152,0.09915966386554621
110,44,global,1.0,0.9932885906040269,0.2195589645254075,0.08341323106423777
110,45,global,1.0,0.9726729291204099,0.16225448334756618,0.05550811272416738
110,46,global,1.0,0.9447092469018112,0.22402287893231648,0.09437559580552908
110,47,global,1.0,0.9579399141630901,0.21802575107296138,0.09527896995708154
110,48,global,1.0,0.9711375212224108,0.24108658743633277,0.10101867572156197
110,49,global,1.0,0.974025974025974,0.23776223776223776,0.10789210789210789
110,50,global,1.0,0.9613686534216336,0.22958057395143489,0.10927152317880795
120,1,global,1.0,0.9813471502590674,0.2766839378238342,0.11917098445595854
120,2,global,1.0,0.9815705128205128,0.265224358974359,0.11057692307692307
120,3,global,1.0,0.9480968858131488,0.21885813148788927,0.08737024221453288
120,4,global,1.0,0.9776357827476039,0.21565495207667731,0.08306709265175719
120,5,global,1.0,0.9674115456238361,0.1908752327746741,0.074487895716946
120,6,global,1.0,0.9652542372881356,0.22627118644067798,0.08728813559322034
120,7,global,1.0,0.9644444444444444,0.14844444444444443,0.057777777777777775
120,8,global,1.0,0.9790828640386162,0.11584875301689461,0.04505229283990346
120,9,global,1.0,0.971169686985173,0.21911037891268534,0.09719934102141681
120,10,global,1.0,0.9824198552223371,0.2378490175801448,0.12926577042399173
120,11,global,1.0,0.9814970563498738,0.21194280908326324,0.05971404541631623
120,12,global,1.0,0.9912891986062717,0.24912891986062718,0.08362369337979095
120,13,global,1.0,0.9751643535427319,0.21183345507669832,0.07669831994156319
120,14,global,1.0,0.9870912220309811,0.21772805507745266,0.08433734939759036
120,15,global,1.0,0.9811320754716981,0.22282120395327942,0.0889487870619946
120,16,global,1.0,0.9685816876122083,0.2495511669658887,0.08797127468581688
120,17,global,1.0,0.984766050054407,0.21871599564744287,0.07725788900979326
120,18,global,1.0,0.9754990925589837,0.23865698729582577,0.08348457350272233
120,19,global,1.0,0.985929648241206,0.25728643216080405,0.11256281407035176
120,20,global,1.0,0.9737991266375546,0.2462882096069869,0.10218340611353711
120,21,global,1.0,0.9873150105708245,0.25052854122621565,0.0824524312896406
120,22,global,1.0,0.9760888129803587,0.18018787361229718,0.06660973526900085
120,23,global,1.0,0.9891794409377818,0.2750225428313796,0.08476104598737602
120,24,global,1.0,0.9330104923325262,0.21468926553672316,0.08232445520581114
120,25,global,1.0,0.9753577106518283,0.20985691573926868,0.0739268680445151
120,26,global,1.0,0.9611727416798732,0.18541996830427893,0.08082408874801902
120,27,global,1.0,0.9798826487845766,0.26152556580050296,0.0980720871751886
120,28,global,1.0,0.9708661417322835,0.20866141732283464,0.07322834645669292
120,29,global,1.0,0.9812834224598931,0.23440285204991088,0.09982174688057041
120,30,global,1.0,0.962890625,0.2666015625,0.11328125
120,31,global,1.0,0.9816666666666667,0.2075,0.0825
120,32,global,1.0,0.9826086956521739,0.2463768115942029,0.10338164251207729
120,33,global,1.0,0.9532467532467532,0.23463203463203464,0.08484848484848485
120,34,global,1.0,0.9759036144578314,0.1919104991394148,0.07314974182444062
120,35,global,1.0,0.9926739926739927,0.27594627594627597,0.10134310134310134
120,36,global,1.0,0.9778368794326241,0.225177304964539,0.09042553191489362
120,37,global,1.0,0.9707070707070707,0.28585858585858587,0.1404040404040404
120,38,global,1.0,0.9477234401349073,0.20994940978077573,0.08094435075885328
120,39,global,1.0,0.9785714285714285,0.26517857142857143,0.08392857142857142
120,40,global,1.0,0.9710017574692443,0.24868189806678384,0.11335676625659051
120,41,global,1.0,0.9776744186046512,0.2502325581395349,0.09302325581395349
120,42,global,1.0,0.9731876861966237,0.2671300893743793,0.0913604766633565
120,43,global,1.0,0.9618677042801557,0.20700389105058364,0.09105058365758754
120,44,global,1.0,0.9825436408977556,0.24438902743142144,0.085619285120532
120,45,global,1.0,0.9853658536585366,0.22195121951219512,0.08373983739837398
120,46,global,1.0,0.9851528384279477,0.2034934497816594,0.08733624454148471
120,47,global,1.0,0.9577717879604672,0.23270440251572327,0.08086253369272237
120,48,global,1.0,0.9647153167602245,0.16279069767441862,0.06335204490777867
120,49,global,1.0,0.9816593886462882,0.2689956331877729,0.10655021834061135
120,50,global,1.0,0.9846005774783445,0.19634263715110684,0.07988450433108758
130,1,global,1.0,0.9638009049773756,0.25610859728506785,0.09773755656108597
130,2,global,1.0,0.9715099715099715,0.17307692307692307,0.07621082621082621
130,3,global,1.0,0.9873284054910243,0.26187961985216474,0.10454065469904963
130,4,global,1.0,0.9791271347248577,0.2874762808349146,0.11480075901328274
130,5,global,1.0,0.9834710743801653,0.26776859504132233,0.10661157024793388
130,6,global,1.0,0.9775179856115108,0.22302158273381295,0.10431654676258993
130,7,global,1.0,0.9878147847278635,0.15597075548334688,0.07067424857839155
130,8,global,1.0,0.9907192575406032,0.3190255220417633,0.1357308584686775
130,9,global,1.0,0.988495575221239,0.12123893805309735,0.03805309734513274
130,10,global,1.0,0.9759414225941423,0.3002092050209205,0.11610878661087866
130,11,global,1.0,0.9558333333333333,0.20083333333333334,0.060833333333333336
130,12,global,1.0,0.9513201320132013,0.2103960396039604,0.10313531353135313
130,13,global,1.0,0.9741837509491268,0.19741837509491267,0.09415337889141989
130,14,global,1.0,0.9809286898839138,0.2396351575456053,0.10033167495854063
130,15,global,1.0,0.967984934086629,0.17231638418079095,0.06591337099811675
130,16,global,1.0,0.9855072463768116,0.17101449275362318,0.06763285024154589
130,17,global,1.0,0.9682702149437052,0.1617195496417605,0.07574206755373593
130,18,global,1.0,0.9638351555929352,0.20521446593776282,0.08494533221194281
130,19,global,1.0,0.983150800336984,0.2451558550968829,0.10362257792754845
130,20,global,1.0,0.9686495176848875,0.24196141479099678,0.09646302250803858
130,21,global,1.0,0.960127591706539,0.266347687400319,0.09888357256778309
130,22,global,1.0,0.9549071618037135,0.20247568523430592,0.07161803713527852
130,23,global,1.0,0.9847122302158273,0.256294964028777,0.10701438848920863
130,24,global,1.0,0.9219600725952813,0.2577132486388385,0.11070780399274047
130,25,global,1.0,0.9866429207479964,0.28495102404274264,0.11308993766696349
130,26,global,1.0,0.9887429643527205,0.23358348968105067,0.09849906191369606
130,27,global,1.0,0.952561669829222,0.13567362428842505,0.06072106261859583
130,28,global,1.0,0.9953183520599251,0.2350187265917603,0.10112359550561797
130,29,global,1.0,0.9851116625310173,0.22580645161290322,0.10090984284532671
130,30,global,1.0,0.9924585218702866,0.251131221719457,0.11085972850678733
130,31,global,1.0,0.9817813765182186,0.2834008097165992,0.11538461538461539
130,32,global,1.0,0.9828571428571429,0.22,0.08190476190476191
130,33,global,1.0,0.9661290322580646,0.2467741935483871,0.09919354838709678
130,34,global,1.0,0.9852262234533703,0.24192059095106186,0.09695290858725762
130,35,global,1.0,0.9732620320855615,0.26737967914438504,0.09304812834224599
130,36,global,1.0,0.9712286158631416,0.20684292379471228,0.08864696734059098
130,37,global,1.0,0.989010989010989,0.28296703296703296,0.11263736263736264
130,38,global,1.0,0.9837067209775967,0.1934826883910387,0.08757637474541752
130,39,global,1.0,0.9825997952917093,0.26509723643807576,0.09007164790174002
130,40,global,1.0,0.9889336016096579,0.19919517102615694,0.08048289738430583
130,41,global,1.0,0.9756283320639756,0.09444021325209444,0.03655750190403656
130,42,global,1.0,0.9859154929577465,0.24192212096106047,0.10273405136702568
130,43,global,1.0,0.959825327510917,0.20786026200873362,0.08558951965065502
130,44,global,1.0,0.9869346733668342,0.271356783919598,0.10150753768844221
130,45,global,1.0,0.9364485981308411,0.1766355140186916,0.08785046728971962
130,46,global,1.0,0.9770925110132158,0.2687224669603524,0.11013215859030837
130,47,global,1.0,0.9852670349907919,0.26795580110497236,0.09392265193370165
130,48,global,1.0,0.9757194244604317,0.23381294964028776,0.10701438848920863
130,49,global,1.0,0.9800637958532695,0.18421052631578946,0.06220095693779904
130,50,global,1.0,0.9613869188337274,0.1946414499605989,0.06934594168636722
140,1,global,1.0,0.979047619047619,0.30952380952380953,0.11428571428571428
140,2,global,1.0,0.9606299212598425,0.2372047244094488,0.09645669291338582
140,3,global,1.0,0.9609895337773549,0.22645099904852523,0.1065651760228354
140,4,global,1.0,0.9713080168776371,0.2008438818565401,0.07257383966244725
140,5,global,1.0,0.9784240150093808,0.20168855534709193,0.08630393996247655
140,6,global,1.0,0.9538310412573674,0.3025540275049116,0.11886051080550099
140,7,global,1.0,0.988540870893812,0.22765469824293355,0.0985485103132162
140,8,global,1.0,0.9682386910490857,0.19056785370548604,0.09239653512993262
140,9,global,0.9866666666666667,0.9380252100840336,0.2699579831932773,0.125
140,10,global,1.0,0.9887152777777778,0.23697916666666666,0.11024305555555555
140,11,global,1.0,0.9664902998236331,0.27336860670194,0.11728395061728394
140,12,global,1.0,0.9901671583087512,0.23303834808259588,0.08947885939036382
140,13,global,1.0,0.9622641509433962,0.21869639794168097,0.10205831903945112
140,14,global,1.0,0.9910358565737052,0.2968127490039841,0.11952191235059761
140,15,global,1.0,0.9767206477732794,0.2783400809716599,0.10222672064777327
140,16,global,1.0,0.9476309226932669,0.22693266832917705,0.09642560266001662
140,17,global,1.0,0.9804992199687987,0.19734789391575663,0.07722308892355695
140,18,global,1.0,0.9835345773874863,0.29637760702524696,0.09989023051591657
140,19,global,1.0,0.9757929883138564,0.1911519198664441,0.08848080133555926
140,20,global,1.0,0.9652996845425867,0.29863301787592006,0.09253417455310199
140,21,global,1.0,0.969315499606609,0.1998426435877262,0.08182533438237609
140,22,global,1.0,0.9717138103161398,0.2995008319467554,0.12312811980033278
140,23,global,1.0,0.9821428571428571,0.27631578947368424,0.10432330827067669
140,24,global,1.0,0.969053934571176,0.21927497789566755,0.0610079575596817
140,25,global,1.0,0.9777468706536857,0.21696801112656466,0.08692628650904033
140,26,global,1.0,0.9876256767208044,0.23047177107501934,0.09280742459396751
140,27,global,1.0,0.9644300727566694,0.26434923201293453,0.10428455941794665
140,28,global,1.0,0.9790909090909091,0.24545454545454545,0.09
140,29,global,1.0,0.9646643109540636,0.21289752650176677,0.08392226148409894
140,30,global,1.0,0.9406698564593301,0.23157894736842105,0.0784688995215311
140,31,global,1.0,0.9735349716446124,0.2277882797731569,0.08601134215500945
140,32,global,1.0,0.9865771812080537,0.2809204218600192,0.12272291466922339
140,33,global,1.0,0.9893004115226337,0.2946502057613169,0.12098765432098765
140,34,global,1.0,0.9890480202190396,0.2535804549283909,0.10699241786015164
140,35,global,1.0,0.9722921914357683,0.23929471032745592,0.0906801007556675
140,36,global,1.0,0.9814643188137164,0.30583873957367935,0.12604263206672844
140,37,global,1.0,0.9905579399141631,0.2738197424892704,0.08927038626609442
140,38,global,1.0,0.9847764034253093,0.28639391056137015,0.13415794481446242
140,39,global,1.0,0.967487684729064,0.2975369458128079,0.11625615763546798
140,40,global,1.0,0.9875259875259875,0.26403326403326405,0.10291060291060292
140,41,global,1.0,0.9688057040998217,0.2192513368983957,0.09269162210338681
140,42,global,1.0,0.973384030418251,0.25665399239543724,0.09315589353612168
140,43,global,1.0,0.9921671018276762,0.24194952132288947,0.10269799825935597
140,44,global,1.0,0.9557165861513688,0.2286634460547504,0.0998389694041868
140,45,global,1.0,0.9897769516728625,0.26765799256505574,0.11524163568773234
140,46,global,1.0,0.9824236817761333,0.23219241443108232,0.09250693802035152
140,47,global,1.0,0.9909338168631007,0.16228467815049863,0.06890299184043518
140,48,global,1.0,0.9662045060658578,0.2530329289428076,0.08838821490467938
140,49,global,1.0,0.9752066115702479,0.30991735537190085,0.13429752066115702
140,50,global,1.0,0.9726027397260274,0.2136986301369863,0.07397260273972603
150,1,global,1.0,0.9811507936507936,0.23313492063492064,0.09821428571428571
150,2,global,1.0,0.981418918918919,0.25,0.10050675675675676
150,3,global,1.0,0.9630655586334257,0.27516158818097874,0.10895660203139428
150,4,global,1.0,0.9742857142857143,0.25047619047619046,0.09428571428571429
150,5,global,1.0,0.9861523244312562,0.3016815034619189,0.12462908011869436
150,6,global,1.0,0.9673721340388007,0.25044091710758376,0.1128747795414462
150,7,global,1.0,0.9860312243221035,0.2218570254724733,0.06984387838948233
150,8,global,1.0,0.9729486023444545,0.24616771866546439,0.09918845807033363
150,9,global,1.0,0.967741935483871,0.22746071133167908,0.07857733664185278
150,10,global,1.0,0.9885167464114832,0.22105263157894736,0.07942583732057416
150,11,global,1.0,0.9801724137931035,0.16379310344827586,0.04051724137931034
150,12,global,1.0,0.978702807357212,0.2807357212003872,0.11616650532429816
150,13,global,1.0,0.9317535545023696,0.23317535545023696,0.0881516587677725
150,14,global,1.0,0.9640102827763496,0.2544987146529563,0.10197086546700942
150,15,global,1.0,0.9747606614447345,0.23237597911227154,0.09834638816362054
150,16,global,1.0,0.9965782720273738,0.2891360136869119,0.09923011120615911
150,17,global,1.0,0.9696412143514259,0.28518859245630174,0.11959521619135234
150,18,global,1.0,0.9729477611940298,0.24440298507462688,0.07929104477611941
150,19,global,1.0,0.9782383419689119,0.2932642487046632,0.12020725388601036
150,20,global,1.0,0.9840972871842844,0.2694106641721235,0.10102899906454631
150,21,global,1.0,0.9893822393822393,0.24806949806949807,0.10714285714285714
150,22,global,1.0,0.9832444782939832,0.26732673267326734,0.10205635948210205
150,23,global,1.0,0.9706927175843695,0.2673179396092362,0.09769094138543517
150,24,global,0.9866666666666667,0.9312169312169312,0.2716049382716049,0.1349206349206349
150,25,global,1.0,0.9730612244897959,0.21877551020408162,0.0946938775510204
150,26,global,1.0,0.9808861859252823,0.30755864465682015,0.13119026933101652
150,27,global,1.0,0.9683496608892238,0.16352675207234363,0.0587792012057272
150,28,global,1.0,0.9835111542192047,0.24151309408341415,0.08147429679922405
150,29,global,1.0,0.9969325153374233,0.30368098159509205,0.11758691206543967
150,30,global,1.0,0.9909762100082035,0.23543888433141918,0.09762100082034454
150,31,global,1.0,0.991304347826087,0.233201581027668,0.08695652173913043
150,32,global,1.0,0.9555757026291931,0.25294650951949227,0.10154125113327289
150,33,global,1.0,0.9727272727272728,0.2404040404040404,0.10606060606060606
150,34,global,1.0,0.9622285174693107,0.26062322946175637,0.10670443814919736
150,35,global,1.0,0.9633333333333334,0.1875,0.0625
150,36,global,1.0,0.9783737024221453,0.2673010380622837,0.1115916955017301
150,37,global,1.0,0.9936153232242618,0.26097366320830007,0.09177972865123703
150,38,global,1.0,0.9796264855687606,0.23089983022071306,0.10186757215619695
150,39,global,1.0,0.9656301145662848,0.20621931260229132,0.09819967266775777
150,40,global,1.0,0.9888372093023255,0.3023255813953488,0.14046511627906977
150,41,global,1.0,0.948905109489051,0.24087591240875914,0.11678832116788321
150,42,global,1.0,0.9708249496981891,0.29678068410462777,0.10462776659959759
150,43,global,1.0,0.9633187772925764,0.25327510917030566,0.09344978165938865
150,44,global,1.0,0.9634146341463414,0.27392120075046905,0.09662288930581614
150,45,global,1.0,0.9849765258215962,0.2084507042253521,0.08544600938967137
150,46,global,1.0,0.9894957983193278,0.22163865546218486,0.08823529411764706
150,47,global,1.0,0.9912663755458515,0.28646288209606985,0.11528384279475982
150,48,global,1.0,0.9670608108108109,0.09966216216216216,0.02195945945945946
150,49,global,1.0,0.9939236111111112,0.2821180555555556,0.0998263888888889
150,50,global,1.0,0.9900166389351082,0.20632279534109818,0.09068219633943428
160,1,global,1.0,0.9667300380228137,0.24049429657794677,0.09600760456273764
160,2,global,1.0,0.9694915254237289,0.24067796610169492,0.09067796610169492
160,3,global,1.0,0.9893529893529893,0.26044226044226043,0.10237510237510238
160,4,global,1.0,0.9891485809682805,0.2378964941569282,0.10267111853088481
160,5,global,1.0,0.9622437971952535,0.36030204962243795,0.14023732470334413
160,6,global,1.0,0.9864341085271318,0.31976744186046513,0.13372093023255813
160,7,global,1.0,0.9632952691680261,0.24306688417618272,0.100326264274062
160,8,global,1.0,0.9893899204244032,0.3112290008841733,0.13085764809902742
160,9,global,1.0,0.9884488448844885,0.23102310231023102,0.11386138613861387
160,10,global,1.0,0.9888888888888889,0.29555555555555557,0.13777777777777778
160,11,global,1.0,0.985663082437276,0.3010752688172043,0.12275985663082438
160,12,global,1.0,0.9904357066950054,0.2603613177470776,0.1381509032943677
160,13,global,1.0,0.9720223820943246,0.2478017585931255,0.07833733013589128
160,14,global,1.0,0.9751286449399656,0.25471698113207547,0.11406518010291596
160,15,global,1.0,0.9841740850642928,0.21364985163204747,0.08704253214638971
160,16,global,1.0,0.9856115107913669,0.29804727646454265,0.11819116135662898
160,17,global,1.0,0.9841605068637803,0.32101372756071805,0.13727560718057022
160,18,global,1.0,0.9682080924855492,0.22254335260115607,0.08670520231213873
160,19,global,1.0,0.9747368421052631,0.2894736842105263,0.10736842105263159
160,20,global,1.0,0.9867491166077739,0.2791519434628975,0.11130742049469965
160,21,global,1.0,0.9905926622765757,0.3142050799623706,0.11853245531514581
160,22,global,1.0,0.9710378117457763,0.26629123089300083,0.083668543845535
160,23,global,1.0,0.9676884838442419,0.28334714167357083,0.1043910521955261
160,24,global,1.0,0.9644194756554307,0.25936329588014984,0.12078651685393259
160,25,global,1.0,0.955249569707401,0.1901893287435456,0.07917383820998279
160,26,global,1.0,0.9728419010669254,0.32492725509214354,0.10766246362754607
160,27,global,1.0,0.9787234042553191,0.25620567375886527,0.10195035460992907
160,28,global,1.0,0.9956822107081175,0.21329879101899826,0.08117443868739206
160,29,global,1.0,0.9752808988764045,0.298876404494382,0.09887640449438202
160,30,global,1.0,0.969807868252516,0.3193046660567246,0.0969807868252516
160,31,global,1.0,0.9458544839255499,0.2876480541455161,0.11336717428087986
160,32,global,1.0,0.9766505636070854,0.23752012882447665,0.10466988727858294
160,33,global,1.0,0.9906629318394025,0.28944911297852477,0.11484593837535013
160,34,global,1.0,0.9831618334892422,0.23573433115060805,0.10009354536950421
160,35,global,1.0,0.9815899581589959,0.2778242677824268,0.11380753138075314
160,36,global,1.0,0.9755620723362659,0.21407624633431085,0.08699902248289346
160,37,global,1.0,0.9863130881094953,0.32506415739948674,0.1420017108639863
160,38,global,1.0,0.9937722419928826,0.29092526690391457,0.12722419928825623
160,39,global,1.0,0.948509485094851,0.32700993676603435,0.12104787714543812
160,40,global,1.0,0.993601462522852,0.2806215722120658,0.11060329067641682
160,41,global,1.0,0.9617996604414262,0.17232597623089982,0.06196943972835314
160,42,global,1.0,0.9740840035746202,0.290437890974084,0.11170688114387846
160,43,global,1.0,0.9836223506743738,0.28516377649325625,0.0905587668593449
160,44,global,1.0,0.9751552795031055,0.32401656314699795,0.14596273291925466
160,45,global,1.0,0.967714528462192,0.18096856414613424,0.06796941376380629
160,46,global,1.0,0.9607843137254902,0.3602941176470588,0.11642156862745098
160,47,global,1.0,0.9850249584026622,0.2762063227953411,0.10815307820299501
160,48,global,1.0,0.9774164408310749,0.27822944896115626,0.1120144534778681
160,49,global,1.0,0.9966101694915255,0.30621468926553674,0.11864406779661017
160,50,global,1.0,0.9555353901996371,0.2912885662431942,0.0925589836660617
170,1,global,1.0,0.9446854663774403,0.306941431670282,0.12472885032537961
170,2,global,1.0,0.9841437632135307,0.24207188160676532,0.06871035940803383
170,3,global,1.0,0.9792256846081209,0.2474032105760151,0.11425873465533522
170,4,global,1.0,0.9471153846153846,0.24519230769230768,0.1
170,5,global,1.0,0.9797898140662894,0.29345189975747776,0.12206952303961197
170,6,global,1.0,0.983983983983984,0.3123123123123123,0.11711711711711711
170,7,global,1.0,0.9708826205641492,0.28844404003639673,0.1191992720655141
170,8,global,1.0,0.9901768172888016,0.26227897838899805,0.10609037328094302
170,9,global,1.0,0.9757575757575757,0.27705627705627706,0.12207792207792208
170,10,global,1.0,0.9698492462311558,0.2894472361809045,0.10753768844221105
170,11,global,1.0,0.9794303797468354,0.24367088607594936,0.09414556962025317
170,12,global,1.0,0.9547892720306513,0.23448275862068965,0.10114942528735632
170,13,global,1.0,0.967032967032967,0.3031135531135531,0.11996336996336997
170,14,global,1.0,0.9772727272727273,0.3142292490118577,0.12549407114624506
170,15,global,1.0,0.9727187206020697,0.30761994355597366,0.11947318908748825
170,16,global,1.0,0.9779202279202279,0.2150997150997151,0.08831908831908832
170,17,global,1.0,0.9608938547486033,0.2897047086991221,0.10375099760574621
170,18,global,1.0,0.9809128630705394,0.2970954356846473,0.12863070539419086
170,19,global,1.0,0.9858736059479554,0.19405204460966544,0.07063197026022305
170,20,global,1.0,0.9880952380952381,0.24925595238095238,0.08333333333333333
170,21,global,1.0,0.9634353741496599,0.2457482993197279,0.0858843537414966
170,22,global,1.0,0.9784836065573771,0.3084016393442623,0.10860655737704918
170,23,global,1.0,0.9927536231884058,0.23268921095008052,0.09339774557165861
170,24,global,1.0,0.9887152777777778,0.2282986111111111,0.09288194444444445
170,25,global,1.0,0.9506292352371732,0.25459825750242016,0.12584704743465633
170,26,global,1.0,0.9865433137089992,0.2767031118587048,0.10849453322119428
170,27,global,1.0,0.9509433962264151,0.26037735849056604,0.09905660377358491
170,28,global,1.0,0.9704383282364933,0.27726809378185524,0.11213047910295616
170,29,global,1.0,0.9956331877729258,0.31004366812227074,0.1146288209606987
170,30,global,1.0,0.9902359641985354,0.21724979658258747,0.061025223759153785
170,31,global,1.0,0.984375,0.29963235294117646,0.10294117647058823
170,32,global,1.0,0.9904761904761905,0.34,0.1438095238095238
170,33,global,1.0,0.9759036144578314,0.2882298424467099,0.11121408711770157
170,34,global,1.0,0.9936406995230525,0.2559618441971383,0.10254372019077901
170,35,global,1.0,0.9572649572649573,0.2355175688509022,0.09591642924976258
170,36,global,1.0,0.9937777777777778,0.28355555555555556,0.12
170,37,global,1.0,0.965938864628821,0.24017467248908297,0.0890829694323144
170,38,global,1.0,0.9777070063694268,0.26910828025477707,0.0963375796178344
170,39,global,1.0,0.9608826479438315,0.22768304914744233,0.10631895687061184
170,40,global,1.0,0.9887410440122825,0.28249744114636643,0.10849539406345957
170,41,global,1.0,0.9729493891797557,0.25741710296684117,0.112565445026178
170,42,global,1.0,0.9812734082397003,0.25374531835205993,0.0945692883895131
170,43,global,1.0,0.9725705329153606,0.2554858934169279,0.11363636363636363
170,44,global,1.0,0.9849921011058452,0.2551342812006319,0.0995260663507109
170,45,global,1.0,0.9773869346733668,0.2018425460636516,0.08793969849246232
170,46,global,1.0,0.9903288201160542,0.33945841392649906,0.14990328820116053
170,47,global,1.0,0.9715686274509804,0.2950980392156863,0.11764705882352941
170,48,global,1.0,0.9901380670611439,0.3224852071005917,0.15088757396449703
170,49,global,1.0,0.9842738205365402,0.2238667900092507,0.08788159111933395
170,50,global,1.0,0.9673306772908367,0.10199203187250996,0.0350597609561753
180,1,global,1.0,0.9299492385786802,0.2568527918781726,0.10862944162436548
180,2,global,1.0,0.9953051643192489,0.2704225352112676,0.09014084507042254
180,3,global,1.0,0.9714964370546318,0.2589073634204275,0.08867775138558986
180,4,global,1.0,0.9837455830388693,0.2890459363957597,0.11024734982332156
180,5,global,1.0,0.9833055091819699,0.335559265442404,0.14023372287145242
180,6,global,1.0,0.9822761194029851,0.29757462686567165,0.13992537313432835
180,7,global,1.0,0.9636174636174636,0.26715176715176714,0.11330561330561331
180,8,global,0.9866666666666667,0.9486963835155593,0.2624053826745164,0.08578637510513036
180,9,global,1.0,0.9908675799086758,0.3178082191780822,0.13972602739726028
180,10,global,1.0,0.9842209072978304,0.35700197238658776,0.1351084812623274
180,11,global,1.0,0.970532319391635,0.2889733840304182,0.14068441064638784
180,12,global,1.0,0.9596299411269975,0.24558452481076534,0.11017661900756939
180,13,global,1.0,0.9892116182572614,0.26307053941908715,0.08630705394190871
180,14,global,1.0,0.9836867862969005,0.29771615008156604,0.11011419249592169
180,15,global,1.0,0.9917948717948718,0.3035897435897436,0.10974358974358975
180,16,global,1.0,0.9747292418772563,0.3312274368231047,0.13898916967509026
180,17,global,1.0,0.9748743718592965,0.2793969849246231,0.10452261306532663
180,18,global,1.0,0.9835390946502057,0.19835390946502057,0.06172839506172839
180,19,global,1.0,0.9830028328611898,0.3059490084985836,0.1359773371104816
180,20,global,1.0,0.9905838041431262,0.2457627118644068,0.11864406779661017
180,21,global,1.0,0.9750215331610681,0.26184323858742464,0.10852713178294573
180,22,global,1.0,0.9625668449197861,0.30392156862745096,0.12032085561497326
180,23,global,1.0,0.9822380106571936,0.25843694493783304,0.10746003552397869
180,24,global,1.0,0.9937629937629938,0.24324324324324326,0.09355509355509356
180,25,global,1.0,0.9679802955665024,0.26683087027914615,0.10509031198686371
180,26,global,1.0,0.9798994974874372,0.33869346733668343,0.12361809045226131
180,27,global,1.0,0.9728867623604466,0.17703349282296652,0.08771929824561403
180,28,global,1.0,0.9743315508021391,0.35508021390374334,0.13368983957219252
180,29,global,1.0,0.9702276707530648,0.2548161120840631,0.1042031523642732
180,30,global,1.0,0.9647058823529412,0.21862745098039216,0.09901960784313725
180,31,global,1.0,0.9888712241653418,0.2599364069952305,0.07631160572337042
180,32,global,1.0,0.9537299338999056,0.24551463644948066,0.09442870632672333
180,33,global,1.0,0.9773371104815864,0.28517469310670446,0.11331444759206799
180,34,global,1.0,0.9626262626262626,0.3474747474747475,0.1383838383838384
180,35,global,1.0,0.9991111111111111,0.2728888888888889,0.112
180,36,global,1.0,0.9813725490196078,0.27156862745098037,0.12549019607843137
180,37,global,1.0,0.9682395644283122,0.36932849364791287,0.12885662431941924
180,38,global,1.0,0.9970215934475056,0.29411764705882354,0.12360387192851824
180,39,global,1.0,0.9692144373673036,0.2791932059447983,0.12420382165605096
180,40,global,1.0,0.9624454148471616,0.27510917030567683,0.11004366812227075
180,41,global,1.0,0.9883040935672515,0.2699805068226121,0.11988304093567251
180,42,global,1.0,0.9901345291479821,0.28699551569506726,0.12376681614349776
180,43,global,1.0,0.957286432160804,0.19011725293132328,0.06867671691792294
180,44,global,1.0,0.9814814814814815,0.25201288244766507,0.12560386473429952
180,45,global,1.0,0.9847473784556721,0.29361296472831266,0.0905624404194471
180,46,global,1.0,0.9785247432306255,0.2838468720821662,0.11858076563958916
180,47,global,1.0,0.9802130898021308,0.3013698630136986,0.11796042617960426
180,48,global,1.0,0.9718918918918918,0.19783783783783784,0.0745945945945946
180,49,global,1.0,0.9831578947368421,0.25263157894736843,0.09789473684210526
180,50,global,1.0,0.9653679653679653,0.22683982683982684,0.10735930735930736
190,1,global,1.0,0.9558417663293468,0.30266789328426863,0.11867525298988041
190,2,global,1.0,0.9759615384615384,0.36730769230769234,0.15576923076923077
190,3,global,1.0,0.9855442176870748,0.28996598639455784,0.1292517006802721
190,4,global,1.0,0.9776536312849162,0.28584729981378026,0.09404096834264432
190,5,global,1.0,0.9823232323232324,0.23148148148148148,0.08838383838383838
190,6,global,1.0,0.9932562620423893,0.28998073217726394,0.11271676300578035
190,7,global,1.0,0.9803921568627451,0.34055727554179566,0.14138286893704852
190,8,global,1.0,0.9626239511823036,0.23569794050343248,0.09763539282990084
190,9,global,1.0,0.9909399773499433,0.33408833522083803,0.16194790486976218
190,10,global,1.0,0.9813333333333333,0.21955555555555556,0.10311111111111111
190,11,global,1.0,0.9821587867975022,0.2818911685994648,0.12488849241748438
190,12,global,1.0,0.985539488320356,0.3681868743047831,0.17130144605116795
190,13,global,1.0,0.9775491113189897,0.2890551917680075,0.13002806361085126
190,14,global,1.0,0.9815465729349736,0.24868189806678384,0.11159929701230228
190,15,global,1.0,0.9712643678160919,0.23809523809523808,0.0993431855500821
190,16,global,1.0,0.9728049728049728,0.26262626262626265,0.10411810411810411
190,17,global,1.0,0.9720338983050848,0.32033898305084746,0.12033898305084746
190,18,global,1.0,0.9905316824471959,0.2556445739257101,0.11289147851420248
190,19,global,1.0,0.9937163375224417,0.19748653500897667,0.04757630161579892
190,20,global,1.0,0.963220675944334,0.3230616302186879,0.13220675944333996
190,21,global,1.0,0.9736346516007532,0.2853107344632768,0.12052730696798493
190,22,global,1.0,0.9775193798449613,0.1558139534883721,0.05813953488372093
190,23,global,1.0,0.9948506694129763,0.21421215242018538,0.08135942327497425
190,24,global,1.0,0.970954356846473,0.3620331950207469,0.1358921161825726
190,25,global,1.0,0.9753086419753086,0.2621082621082621,0.10921177587844255
190,26,global,1.0,0.9815354713313897,0.30709426627793973,0.11758989310009718
190,27,global,1.0,0.9932203389830508,0.27796610169491526,0.10677966101694915
190,28,global,1.0,0.9872146118721461,0.3461187214611872,0.11689497716894977
190,29,global,1.0,0.9720216606498195,0.2509025270758123,0.11552346570397112
190,30,global,1.0,0.9844036697247707,0.28990825688073396,0.12568807339449542
190,31,global,1.0,0.9845360824742269,0.2800687285223368,0.10652920962199312
190,32,global,1.0,0.9663934426229508,0.2942622950819672,0.11311475409836065
190,33,global,1.0,0.9883527454242929,0.25207986688851913,0.10981697171381032
190,34,global,1.0,0.9656381486676017,0.30014025245441794,0.11781206171107994
190,35,global,1.0,0.9817170111287759,0.23449920508744038,0.09220985691573927
190,36,global,1.0,0.9514563106796117,0.31607335490830635,0.1111111111111111
190,37,global,1.0,0.9744560075685903,0.2507095553453169,0.06622516556291391
190,38,global,1.0,0.9876190476190476,0.3238095238095238,0.10761904761904761
190,39,global,1.0,0.9859002169197397,0.3286334056399132,0.1442516268980477
190,40,global,1.0,0.9700996677740864,0.33111849390919157,0.10852713178294573
190,41,global,1.0,0.9752293577981651,0.3376146788990826,0.11192660550458716
190,42,global,1.0,0.9794200187090739,0.2441534144059869,0.08886810102899906
190,43,global,1.0,0.987146529562982,0.26735218508997427,0.09168808911739502
190,44,global,1.0,0.9672523961661342,0.22843450479233227,0.07987220447284345
190,45,global,1.0,0.9629963898916968,0.26805054151624547,0.09476534296028881
190,46,global,1.0,0.967436974789916,0.30567226890756305,0.12184873949579832
190,47,global,1.0,0.9888017917133258,0.2877939529675252,0.10414333706606943
190,48,global,1.0,0.9781990521327014,0.19146919431279621,0.07772511848341232
190,49,global,1.0,0.9763713080168777,0.2,0.07088607594936709
190,50,global,1.0,0.9799833194328608,0.3035863219349458,0.10341951626355296
200,1,global,1.0,0.989247311827957,0.23242349048800662,0.08684863523573201
200,2,global,1.0,0.9869565217391304,0.26260869565217393,0.08869565217391304
200,3,global,1.0,0.9849690539345711,0.28735632183908044,0.11671087533156499
200,4,global,1.0,0.9720558882235529,0.2714570858283433,0.09580838323353294
200,5,global,1.0,0.9726618705035971,0.2489208633093525,0.10071942446043165
200,6,global,1.0,0.9718969555035128,0.32435597189695553,0.12763466042154567
200,7,global,1.0,0.9695780176643768,0.32875368007850836,0.1422963689892051
200,8,global,1.0,0.9808306709265175,0.2707667731629393,0.09824281150159744
200,9,global,1.0,0.9925093632958801,0.3052434456928839,0.1198501872659176
200,10,global,1.0,0.9788732394366197,0.27856025039123633,0.13615023474178403
200,11,global,1.0,0.9883900928792569,0.21362229102167182,0.07507739938080496
200,12,global,1.0,0.9692164179104478,0.292910447761194,0.10820895522388059
200,13,global,1.0,0.9857278782112274,0.32825880114176975,0.1493815413891532
200,14,global,1.0,0.9572400388726919,0.2954324586977648,0.12730806608357628
200,15,global,1.0,0.9980952380952381,0.31523809523809526,0.11523809523809524
200,16,global,1.0,0.967680608365019,0.33365019011406843,0.1359315589353612
200,17,global,1.0,0.9873046875,0.259765625,0.11328125
200,18,global,1.0,0.9823651452282157,0.33195020746887965,0.1441908713692946
200,19,global,1.0,0.9660377358490566,0.3018867924528302,0.12547169811320755
200,20,global,1.0,0.991899189918992,0.22772277227722773,0.09090909090909091
200,21,global,1.0,0.9778830963665087,0.2962085308056872,0.1018957345971564
200,22,global,1.0,0.9860074626865671,0.2966417910447761,0.1287313432835821
200,23,global,1.0,0.9721254355400697,0.26480836236933797,0.11062717770034843
200,24,global,1.0,0.9817483189241114,0.22670509125840538,0.0787704130643612
200,25,global,1.0,0.9755351681957186,0.28134556574923547,0.10397553516819572
200,26,global,1.0,0.9743101807802094,0.33872502378686964,0.14176974310180782
200,27,global,1.0,0.9887459807073955,0.28938906752411575,0.10048231511254019
200,28,global,1.0,0.9791344667697064,0.3160741885625966,0.11591962905718702
200,29,global,1.0,0.9634247714048213,0.2743142144638404,0.11221945137157108
200,30,global,1.0,0.9793103448275862,0.25862068965517243,0.07155172413793104
200,31,global,1.0,0.9826325411334552,0.29981718464351004,0.08592321755027423
200,32,global,1.0,0.9901610017889088,0.27906976744186046,0.1001788908765653
200,33,global,1.0,0.9841089670828603,0.23155505107832008,0.08853575482406356
200,34,global,1.0,0.9943235572374646,0.2847682119205298,0.12582781456953643
200,35,global,1.0,0.9501661129568106,0.39313399778516056,0.14396456256921372
200,36,global,1.0,0.981403212172443,0.21893491124260356,0.06931530008453085
200,37,global,1.0,0.968520461699895,0.29800629590766003,0.1080797481636936
200,38,global,1.0,0.9833795013850416,0.3028624192059095,0.11911357340720222
200,39,global,1.0,0.9917431192660551,0.3467889908256881,0.11834862385321102
200,40,global,1.0,0.9817605075337034,0.3362410785091198,0.1316415543219667
200,41,global,1.0,0.9751166407465007,0.33359253499222397,0.12052877138413685
200,42,global,1.0,0.9907578558225508,0.3049907578558225,0.13123844731977818
200,43,global,1.0,0.9403272377285852,0.24157844080846969,0.10298363811357074
200,44,global,1.0,0.9854280510018215,0.31876138433515483,0.11566484517304189
200,45,global,1.0,0.9899497487437185,0.30452261306532663,0.1407035175879397
200,46,global,1.0,0.9583333333333334,0.31521739130434784,0.16485507246376813
200,47,global,1.0,0.9865424430641822,0.35196687370600416,0.15424430641821946
200,48,global,1.0,0.97005444646098,0.3030852994555354,0.13430127041742287
200,49,global,1.0,0.9863013698630136,0.3159246575342466,0.13527397260273974
200,50,global,1.0,0.9737318840579711,0.338768115942029,0.11865942028985507
210,1,global,1.0,0.9609375,0.3466796875,0.1181640625
210,2,global,1.0,0.977112676056338,0.30633802816901406,0.12940140845070422
210,3,global,1.0,0.9579982126899017,0.34763181411974975,0.16264521894548703
210,4,global,1.0,0.9781078967943706,0.2642689601250977,0.10086004691164972
210,5,global,1.0,0.9678988326848249,0.29669260700389105,0.11186770428015565
210,6,global,1.0,0.9894736842105263,0.31100478468899523,0.13588516746411483
210,7,global,1.0,0.9822695035460993,0.3983451536643026,0.16430260047281323
210,8,global,1.0,0.9885864793678666,0.3424056189640035,0.1395961369622476
210,9,global,1.0,0.9802631578947368,0.3256578947368421,0.11842105263157894
210,10,global,1.0,0.9787849566055931,0.33461909353905495,0.13404050144648022
210,11,global,1.0,0.9753199268738574,0.30255941499085925,0.14716636197440586
210,12,global,1.0,0.9609895337773549,0.40913415794481445,0.16175071360608945
210,13,global,1.0,0.9901234567901235,0.3300411522633745,0.1522633744855967
210,14,global,1.0,0.9848053181386515,0.33998100664767333,0.13865147198480532
210,15,global,1.0,0.9771071800208116,0.2934443288241415,0.10197710718002082
210,16,global,1.0,0.977292576419214,0.31179039301310046,0.12838427947598252
210,17,global,1.0,0.9933609958506224,0.34522821576763485,0.13858921161825727
210,18,global,1.0,0.9831401475237092,0.4214963119072708,0.14330874604847207
210,19,global,1.0,0.9849906191369606,0.3236397748592871,0.13602251407129456
210,20,global,1.0,0.9818930041152263,0.21069958847736625,0.08806584362139917
210,21,global,1.0,0.9817073170731707,0.2587108013937282,0.08013937282229965
210,22,global,1.0,0.9860074626865671,0.30783582089552236,0.13432835820895522
210,23,global,1.0,0.9933719966859983,0.33057166528583265,0.12427506213753108
210,24,global,1.0,0.9692470837751855,0.33510074231177095,0.1261930010604454
210,25,global,1.0,0.9806910569105691,0.2865853658536585,0.09552845528455285
210,26,global,1.0,0.9906687402799378,0.2892690513219285,0.1321928460342146
210,27,global,1.0,0.9831349206349206,0.3115079365079365,0.13392857142857142
210,28,global,1.0,0.9745114698385726,0.2599830076465591,0.11639762107051826
210,29,global,1.0,0.9601809954751132,0.2579185520361991,0.10316742081447963
210,30,global,1.0,0.9774571686203787,0.327321911632101,0.10640216411181244
210,31,global,1.0,0.9478935698447893,0.31263858093126384,0.1541019955654102
210,32,global,1.0,0.9748201438848921,0.30935251798561153,0.12679856115107913
210,33,global,1.0,0.9939516129032258,0.2550403225806452,0.0907258064516129
210,34,global,1.0,0.9915449654112222,0.29285165257494233,0.10453497309761722
210,35,global,1.0,0.9753401360544217,0.28401360544217685,0.10119047619047619
210,36,global,1.0,0.9672566371681416,0.3805309734513274,0.12300884955752213
210,37,global,1.0,0.9753424657534246,0.2237442922374429,0.08127853881278539
210,38,global,1.0,0.9798422436459246,0.3102541630148992,0.10692375109553023
210,39,global,1.0,0.9829749103942652,0.3100358422939068,0.13709677419354838
210,40,global,1.0,0.9780420860018298,0.2918572735590119,0.13266239707227814
210,41,global,1.0,0.9654450261780104,0.3581151832460733,0.17486910994764399
210,42,global,1.0,0.9935602575896965,0.2907083716651334,0.09015639374425023
210,43,global,1.0,0.9731481481481481,0.30277777777777776,0.12129629629629629
210,44,global,1.0,0.9871677360219981,0.3125572868927589,0.14298808432630614
210,45,global,1.0,0.9901558654634947,0.2280557834290402,0.0918785890073831
210,46,global,1.0,0.968503937007874,0.3484251968503937,0.14960629921259844
210,47,global,1.0,0.9573283858998145,0.29684601113172543,0.11873840445269017
210,48,global,1.0,0.9847764034253093,0.3006660323501427,0.12654614652711704
210,49,global,1.0,0.9890988372093024,0.2696220930232558,0.10537790697674419
210,50,global,1.0,0.9850498338870431,0.26993355481727577,0.07475083056478406
220,1,global,1.0,0.9701873935264055,0.32538330494037476,0.13798977853492334
220,2,global,1.0,0.9756326148078726,0.3683223992502343,0.09746954076850985
220,3,global,1.0,0.9908987485779295,0.3970420932878271,0.1422070534698521
220,4,global,1.0,0.9914255091103966,0.2379421221864952,0.09539121114683816
220,5,global,1.0,0.9979144942648592,0.424400417101147,0.16058394160583941
220,6,global,1.0,0.9859681945743686,0.2591206735266604,0.1019644527595884
220,7,global,1.0,0.9950657894736842,0.3503289473684211,0.1455592105263158
220,8,global,1.0,0.972972972972973,0.27871621621621623,0.11739864864864864
220,9,global,1.0,0.9847328244274809,0.33969465648854963,0.13072519083969467
220,10,global,1.0,0.9820426487093153,0.3164983164983165,0.10549943883277217
220,11,global,1.0,0.9862258953168044,0.3480257116620753,0.1414141414141414
220,12,global,1.0,0.9887410440122825,0.263050153531218,0.08904810644831115
220,13,global,1.0,0.9734151329243353,0.34355828220858897,0.14826175869120656
220,14,global,1.0,0.9501779359430605,0.2900355871886121,0.11476868327402136
220,15,global,1.0,0.9738766980146291,0.3594566353187043,0.1180773249738767
220,16,global,1.0,0.985,0.382,0.17
220,17,global,1.0,0.9859030837004406,0.34801762114537443,0.13392070484581498
220,18,global,1.0,0.9883824843610366,0.3100983020554066,0.12421805183199285
220,19,global,1.0,0.9877474081055608,0.26672950047125354,0.12064090480678605
220,20,global,1.0,0.9749759384023099,0.28103946102021177,0.13089509143407121
220,21,global,1.0,0.970125786163522,0.24528301886792453,0.08569182389937106
220,22,global,1.0,0.9634464751958225,0.31157528285465624,0.10356832027850305
220,23,global,1.0,0.97131931166348,0.3078393881453155,0.11281070745697896
220,24,global,1.0,0.982824427480916,0.3062977099236641,0.11641221374045801
220,25,global,1.0,0.9615384615384616,0.32793522267206476,0.12854251012145748
220,26,global,1.0,0.9763546798029556,0.2561576354679803,0.09852216748768473
220,27,global,1.0,0.9888324873096447,0.30761421319796955,0.14720812182741116
220,28,global,1.0,0.9841121495327103,0.2822429906542056,0.10186915887850467
220,29,global,1.0,0.9764065335753176,0.29491833030852993,0.11705989110707804
220,30,global,1.0,0.9810671256454389,0.3270223752151463,0.1342512908777969
220,31,global,1.0,0.9670212765957447,0.3617021276595745,0.13297872340425532
220,32,global,1.0,0.9854620976116303,0.34683281412253375,0.13707165109034267
220,33,global,1.0,0.994269340974212,0.3037249283667622,0.1174785100286533
220,34,global,1.0,0.986784140969163,0.3623348017621145,0.15969162995594713
220,35,global,1.0,0.9531914893617022,0.274468085106383,0.12872340425531914
220,36,global,1.0,0.959094865100087,0.32550043516100957,0.15230635335073978
220,37,global,1.0,0.9791666666666666,0.302536231884058,0.13134057971014493
220,38,global,1.0,0.9867986798679867,0.2739273927392739,0.11551155115511551
220,39,global,1.0,0.9820754716981132,0.37735849056603776,0.16226415094339622
220,40,global,1.0,0.9801980198019802,0.26732673267326734,0.1269126912691269
220,41,global,1.0,0.9932773109243698,0.3277310924369748,0.1361344537815126
220,42,global,1.0,0.9790145985401459,0.3029197080291971,0.09854014598540146
220,43,global,1.0,0.9696180555555556,0.3142361111111111,0.1232638888888889
220,44,global,1.0,0.9275109170305676,0.2786026200873362,0.11877729257641921
220,45,global,1.0,0.9847161572052402,0.3951965065502183,0.14956331877729256
220,46,global,1.0,0.9639126305792972,0.39411206077872746,0.15004748338081672
220,47,global,1.0,0.9651600753295668,0.2871939736346516,0.1120527306967985
220,48,global,1.0,0.96751968503937,0.3425196850393701,0.15748031496062992
220,49,global,1.0,0.9862745098039216,0.2950980392156863,0.12156862745098039
220,50,global,1.0,0.9855769230769231,0.3211538461538462,0.14903846153846154
230,1,global,1.0,0.9937833037300178,0.2886323268206039,0.11190053285968028
230,2,global,1.0,0.9876425855513308,0.2870722433460076,0.11692015209125475
230,3,global,1.0,0.9923793395427604,0.32006773920406434,0.15156646909398813
230,4,global,1.0,0.9794642857142857,0.39553571428571427,0.16607142857142856
230,5,global,1.0,0.9588360539389638,0.26472675656493966,0.1185237757274663
230,6,global,1.0,0.9818339100346021,0.3209342560553633,0.14100346020761245
230,7,global,1.0,0.9801980198019802,0.36534653465346534,0.14554455445544554
230,8,global,1.0,0.9715808170515098,0.35257548845470693,0.12255772646536411
230,9,global,1.0,0.9600760456273765,0.27566539923954375,0.1188212927756654
230,10,global,1.0,0.9592061742006616,0.3980154355016538,0.16979051819184124
230,11,global,1.0,0.9641472868217055,0.3856589147286822,0.13468992248062014
230,12,global,1.0,0.991971454058876,0.31311329170383584,0.1239964317573595
230,13,global,1.0,0.990953947368421,0.3832236842105263,0.1513157894736842
230,14,global,1.0,0.989247311827957,0.2903225806451613,0.0967741935483871
230,15,global,1.0,0.9670995670995671,0.3012987012987013,0.10649350649350649
230,16,global,1.0,0.9792060491493384,0.3166351606805293,0.11058601134215501
230,17,global,1.0,0.9956101843722563,0.2914837576821773,0.10535557506584724
230,18,global,1.0,0.9672943508424182,0.38949454905847375,0.1694747274529237
230,19,global,1.0,0.9891500904159132,0.3435804701627486,0.12658227848101267
230,20,global,1.0,0.994535519125683,0.25591985428051,0.10200364298724955
230,21,global,1.0,0.9888888888888889,0.396969696969697,0.14444444444444443
230,22,global,1.0,0.9848484848484849,0.3172348484848485,0.10984848484848485
230,23,global,1.0,0.9563025210084034,0.3411764705882353,0.15966386554621848
230,24,global,1.0,0.982648401826484,0.3470319634703196,0.1680365296803653
230,25,global,1.0,0.9835315645013724,0.3513266239707228,0.1537053979871912
230,26,global,1.0,0.9890295358649789,0.36371308016877635,0.1459915611814346
230,27,global,1.0,0.979740680713128,0.2698541329011345,0.1312803889789303
230,28,global,1.0,0.9776699029126213,0.24563106796116504,0.09805825242718447
230,29,global,1.0,0.9964093357271095,0.3231597845601436,0.10951526032315978
230,30,global,1.0,0.9762773722627737,0.25821167883211676,0.10401459854014598
230,31,global,1.0,0.9734422880490297,0.390194075587334,0.13891726251276812
230,32,global,0.9866666666666667,0.9181818181818182,0.2206611570247934,0.09504132231404959
230,33,global,1.0,0.9817142857142858,0.36457142857142855,0.16457142857142856
230,34,global,1.0,0.9839924670433146,0.3342749529190207,0.13465160075329566
230,35,global,1.0,0.9796913078797725,0.2956945572705118,0.13403736799350122
230,36,global,1.0,0.9907407407407407,0.3713991769547325,0.147119341563786
230,37,global,1.0,0.9750223015165032,0.3559322033898305,0.1320249776984835
230,38,global,1.0,0.979,0.341,0.148
230,39,global,1.0,0.9477178423236514,0.3070539419087137,0.12863070539419086
230,40,global,1.0,0.9905362776025236,0.2547318611987382,0.10646687697160884
230,41,global,1.0,0.929724596391263,0.34947768281101615,0.12155745489078823
230,42,global,1.0,0.9844748858447488,0.36621004566210047,0.15707762557077626
230,43,global,1.0,0.9740361919748229,0.33123524783634933,0.1109362706530291
230,44,global,1.0,0.9911347517730497,0.2632978723404255,0.10106382978723404
230,45,global,1.0,0.9945533769063181,0.22657952069716775,0.09368191721132897
230,46,global,1.0,0.967391304347826,0.2993311036789298,0.1362876254180602
230,47,global,1.0,0.9752252252252253,0.38288288288288286,0.14527027027027026
230,48,global,1.0,0.9864743011722272,0.33994589720468893,0.15419296663660956
230,49,global,1.0,0.9952380952380953,0.3504761904761905,0.14476190476190476
230,50,global,1.0,0.969060773480663,0.33480662983425413,0.11933701657458563
240,1,global,1.0,0.9895742832319722,0.3197219808861859,0.13292788879235448
240,2,global,1.0,0.983495145631068,0.3145631067961165,0.12233009708737864
240,3,global,1.0,0.9905033238366572,0.3570750237416904,0.14909781576448244
240,4,global,1.0,0.9733688415446072,0.23235685752330226,0.10452729693741677
240,5,global,1.0,0.9614711033274956,0.27057793345008757,0.09369527145359019
240,6,global,1.0,0.9829755736491488,0.3286454478164323,0.12953367875647667
240,7,global,1.0,0.9817684594348223,0.31722880583409296,0.1048313582497721
240,8,global,1.0,0.9868421052631579,0.28596491228070176,0.11052631578947368
240,9,global,1.0,0.9629068887206662,0.2853898561695685,0.11884935654806965
240,10,global,1.0,0.9923591212989494,0.3667621776504298,0.1279847182425979
240,11,global,1.0,0.9855670103092784,0.26288659793814434,0.13298969072164948
240,12,global,1.0,0.9775390625,0.3291015625,0.12890625
240,13,global,1.0,0.9375,0.3575,0.1575
240,14,global,1.0,0.97568093385214,0.2830739299610895,0.11089494163424124
240,15,global,1.0,0.9902991107518189,0.31689571544058204,0.13419563459983833
240,16,global,1.0,0.9924599434495759,0.30254476908576816,0.11404335532516494
240,17,global,1.0,0.9714285714285714,0.2789473684210526,0.08947368421052632
240,18,global,1.0,0.9791252485089463,0.40159045725646125,0.17296222664015903
240,19,global,1.0,0.9478957915831663,0.3216432865731463,0.1342685370741483
240,20,global,1.0,0.9751712328767124,0.3022260273972603,0.14554794520547945
240,21,global,1.0,0.9815762538382804,0.3285568065506653,0.14636642784032752
240,22,global,1.0,0.9876644736842105,0.3100328947368421,0.13075657894736842
240,23,global,1.0,0.9780018331805683,0.3281393217231897,0.13473877176901924
240,24,global,1.0,0.9765166340508806,0.30528375733855184,0.13111545988258316
240,25,global,1.0,0.9841269841269841,0.32098765432098764,0.12169312169312169
240,26,global,1.0,0.9667616334283001,0.3352326685660019,0.14150047483380818
240,27,global,1.0,0.9721925133689839,0.3518716577540107,0.14545454545454545
240,28,global,1.0,0.9624876604146101,0.3168805528134255,0.13129318854886476
240,29,global,1.0,0.9936131386861314,0.4023722627737226,0.15784671532846714
240,30,global,1.0,0.9924178601516428,0.3091828138163437,0.10951979780960404
240,31,global,1.0,0.98861646234676,0.36777583187390545,0.1243432574430823
240,32,global,1.0,0.9898648648648649,0.3141891891891892,0.12837837837837837
240,33,global,1.0,0.9917830731306492,0.36154478225143794,0.14790468364831552
240,34,global,1.0,0.9812734082397003,0.3342696629213483,0.150749063670412
240,35,global,1.0,0.97398091934085,0.3217692974848222,0.14310494362532525
240,36,global,1.0,0.9825282631038027,0.3484069886947585,0.13360739979445016
240,37,global,1.0,0.9617918313570487,0.383399209486166,0.11462450592885376
240,38,global,1.0,0.9878542510121457,0.4109311740890688,0.15587044534412955
240,39,global,1.0,0.9746376811594203,0.3641304347826087,0.13677536231884058
240,40,global,1.0,0.9839391377852916,0.34657650042265425,0.14877430262045646
240,41,global,1.0,0.962037962037962,0.3106893106893107,0.12187812187812187
240,42,global,1.0,0.9636542239685658,0.3850687622789784,0.14636542239685657
240,43,global,1.0,0.9890610756608933,0.33454876937101186,0.13947128532360983
240,44,global,1.0,0.9657676348547718,0.27074688796680496,0.09336099585062241
240,45,global,1.0,0.9769392033542977,0.3008385744234801,0.11635220125786164
240,46,global,1.0,0.9784296807592753,0.32355478861087145,0.14322691975841242
240,47,global,1.0,0.9567262464722484,0.3819379115710254,0.14299153339604892
240,48,global,1.0,0.9802289281997919,0.29656607700312176,0.12070759625390219
240,49,global,1.0,0.9849462365591398,0.35698924731182796,0.14623655913978495
240,50,global,1.0,0.9554013875123885,0.33597621407333994,0.14073339940535184
250,1,global,1.0,0.9765976597659766,0.3951395139513951,0.17551755175517553
250,2,global,1.0,0.9596299411269975,0.34987384356602186,0.1152228763666947
250,3,global,1.0,0.9859387923904053,0.23325062034739455,0.062034739454094295
250,4,global,0.9866666666666667,0.9757412398921833,0.24348607367475292,0.10332434860736747
250,5,global,1.0,0.9929390997352162,0.31509267431597526,0.13503971756398941
250,6,global,1.0,0.9661399548532731,0.3115124153498871,0.12264860797592174
250,7,global,1.0,0.98989898989899,0.39026629935720847,0.162534435261708
250,8,global,1.0,1.0,0.3589315525876461,0.15358931552587646
250,9,global,1.0,0.9903489235337788,0.3192279138827023,0.14105419450631032
250,10,global,1.0,0.9842931937172775,0.30017452006980805,0.12827225130890052
250,11,global,1.0,0.9830364715860899,0.29770992366412213,0.13401187446988974
250,12,global,1.0,0.9888027562446167,0.34108527131782945,0.12489233419465978
250,13,global,1.0,0.9795258620689655,0.3793103448275862,0.16163793103448276
250,14,global,1.0,0.9894459102902374,0.1961301671064204,0.07299912049252419
250,15,global,1.0,0.9939024390243902,0.383130081300813,0.15548780487804878
250,16,global,1.0,0.9765625,0.25546875,0.1046875
250,17,global,1.0,0.9951876804619827,0.3484119345524543,0.136669874879692
250,18,global,1.0,0.9838862559241706,0.2862559241706161,0.11090047393364928
250,19,global,1.0,0.9832355406538139,0.34283319362950543,0.1584241408214585
250,20,global,1.0,0.9946236559139785,0.40412186379928317,0.18100358422939067
250,21,global,1.0,0.9985704074338814,0.3309506790564689,0.11508220157255182
250,22,global,1.0,0.9814995131450828,0.305744888023369,0.09055501460564752
250,23,global,1.0,0.9911190053285968,0.31793960923623443,0.11367673179396093
250,24,global,1.0,0.9885245901639345,0.23524590163934425,0.09098360655737706
250,25,global,1.0,0.9778142974527527,0.3368940016433854,0.12982744453574363
250,26,global,1.0,0.9857621440536013,0.24623115577889448,0.09380234505862646
250,27,global,1.0,0.9596774193548387,0.35842293906810035,0.13978494623655913
250,28,global,1.0,0.9706717123935666,0.16745506149479658,0.06811731315042574
250,29,global,1.0,0.981243830207305,0.36525172754195456,0.16288252714708787
250,30,global,1.0,0.9862348178137652,0.2647773279352227,0.08502024291497975
250,31,global,1.0,0.9750208159866778,0.36636136552872606,0.11740216486261448
250,32,global,1.0,0.9756782039289055,0.37885874649204865,0.1431244153414406
250,33,global,1.0,0.9552364864864865,0.23648648648648649,0.09543918918918919
250,34,global,1.0,0.9615713065755764,0.3578138343296328,0.15456874466268147
250,35,global,1.0,0.9600742804085423,0.3491179201485608,0.14484679665738162
250,36,global,1.0,0.9630630630630631,0.3108108108108108,0.1063063063063063
250,37,global,1.0,0.989413680781759,0.32084690553745926,0.10667752442996743
250,38,global,1.0,0.9971098265895953,0.3872832369942196,0.15895953757225434
250,39,global,1.0,0.9879154078549849,0.33131923464249746,0.1581067472306143
250,40,global,1.0,0.9833024118738405,0.4155844155844156,0.18181818181818182
250,41,global,1.0,0.9893992932862191,0.2791519434628975,0.12190812720848057
250,42,global,1.0,0.9854824935952178,0.3637916310845431,0.14346712211784798
250,43,global,1.0,0.9893276414087513,0.3617929562433298,0.14300960512273211
250,44,global,1.0,0.998166819431714,0.386801099908341,0.18240146654445463
250,45,global,1.0,0.9930139720558883,0.38822355289421157,0.15768463073852296
250,46,global,1.0,0.9859154929577465,0.3136150234741784,0.14178403755868543
250,47,global,1.0,0.9845758354755784,0.35989717223650386,0.14138817480719795
250,48,global,1.0,0.9798994974874372,0.3155778894472362,0.12160804020100502
250,49,global,1.0,0.9875111507582516,0.34611953612845675,0.14272970561998216
250,50,global,1.0,0.988950276243094,0.39318600368324125,0.17771639042357273
260,1,global,1.0,0.9875,0.34017857142857144,0.1375
260,2,global,1.0,0.9830188679245283,0.33867924528301885,0.14528301886792452
260,3,global,1.0,0.9913494809688581,0.2301038062283737,0.0986159169550173
260,4,global,1.0,0.980453479280688,0.36512900703674744,0.15559030492572323
260,5,global,1.0,0.9645669291338582,0.3165354330708661,0.13543307086614173
260,6,global,1.0,0.9812909260991581,0.372310570626754,0.15528531337698784
260,7,global,1.0,0.9944794952681388,0.2886435331230284,0.11908517350157728
260,8,global,1.0,0.9910269192422732,0.34496510468594216,0.12362911266201396
260,9,global,1.0,0.9979057591623036,0.4031413612565445,0.19267015706806281
260,10,global,1.0,0.9796116504854369,0.3970873786407767,0.15728155339805824
260,11,global,1.0,0.9871794871794872,0.29914529914529914,0.11196581196581197
260,12,global,1.0,0.990467111534795,0.3755958055290753,0.14871306005719734
260,13,global,1.0,0.9875183553597651,0.30469897209985314,0.13215859030837004
260,14,global,1.0,0.9647718174539631,0.289031224979984,0.0976781425140112
260,15,global,1.0,0.989423076923077,0.34134615384615385,0.09903846153846153
260,16,global,1.0,0.9777382012466608,0.3437221727515583,0.13178984861976847
260,17,global,1.0,0.9836065573770492,0.36885245901639346,0.16086065573770492
260,18,global,1.0,0.9745762711864406,0.3907721280602637,0.12617702448210924
260,19,global,1.0,0.9749328558639212,0.35720680393912263,0.12623097582811102
260,20,global,1.0,0.9789719626168224,0.3037383177570093,0.10747663551401869
260,21,global,1.0,0.987985212569316,0.34473197781885395,0.14695009242144177
260,22,global,1.0,0.9637139807897546,0.33617929562433296,0.128068303094984
260,23,global,1.0,0.9926739926739927,0.21978021978021978,0.08699633699633699
260,24,global,1.0,0.9889604415823368,0.31002759889604414,0.12327506899724011
260,25,global,1.0,0.9653767820773931,0.26578411405295316,0.09674134419551934
260,26,global,1.0,0.985233798195242,0.37407711238720265,0.15914684167350288
260,27,global,1.0,0.9945175438596491,0.44298245614035087,0.18311403508771928
260,28,global,1.0,0.9641819941916747,0.31461761858664083,0.13165537270087124
260,29,global,1.0,0.9823091247672253,0.38640595903165736,0.13966480446927373
260,30,global,1.0,0.9669421487603306,0.23232323232323232,0.08631772268135904
260,31,global,1.0,0.9908536585365854,0.2385670731707317,0.11128048780487805
260,32,global,1.0,0.9897435897435898,0.38974358974358975,0.1517948717948718
260,33,global,1.0,0.9853574504737296,0.38242894056847543,0.14642549526270457
260,34,global,1.0,0.9813333333333333,0.2897777777777778,0.11733333333333333
260,35,global,1.0,0.9865546218487395,0.2680672268907563,0.10672268907563025
260,36,global,1.0,0.9897645854657113,0.36745138178096215,0.1699078812691914
260,37,global,1.0,0.9507427677873339,0.23534010946051603,0.08287724784988272
260,38,global,1.0,0.9731075697211156,0.27589641434262946,0.11952191235059761
260,39,global,1.0,0.9909613804437141,0.39276910435497125,0.16105176663927692
260,40,global,1.0,0.9894937917860553,0.3772683858643744,0.17574021012416427
260,41,global,1.0,0.9790322580645161,0.3,0.12741935483870967
260,42,global,1.0,0.9853403141361257,0.43350785340314135,0.21780104712041884
260,43,global,1.0,0.9747817652764307,0.3501454898157129,0.15809893307468478
260,44,global,1.0,0.982066609735269,0.34585824081981215,0.1332194705380017
260,45,global,1.0,0.96,0.415,0.184
260,46,global,1.0,0.9862258953168044,0.3480257116620753,0.14967860422405876
260,47,global,1.0,0.9905437352245863,0.35106382978723405,0.15011820330969267
260,48,global,1.0,0.9989417989417989,0.3978835978835979,0.15767195767195769
260,49,global,1.0,0.9718430034129693,0.33276450511945393,0.12798634812286688
260,50,global,1.0,0.9790268456375839,0.3783557046979866,0.10486577181208054
270,1,global,1.0,0.9627272727272728,0.3236363636363636,0.16272727272727272
270,2,global,1.0,0.9915469146238377,0.36601859678782755,0.147083685545224
270,3,global,1.0,0.972176759410802,0.3772504091653028,0.11865793780687398
270,4,global,1.0,0.9860557768924303,0.3207171314741036,0.11752988047808766
270,5,global,1.0,0.987489574645538,0.32777314428690574,0.1359466221851543
270,6,global,1.0,0.9623318385650225,0.357847533632287,0.14708520179372198
270,7,global,1.0,0.9900990099009901,0.42277227722772276,0.1702970297029703
270,8,global,1.0,0.9785478547854786,0.3325082508250825,0.13283828382838284
270,9,global,1.0,0.9974003466204506,0.4324090121317158,0.14818024263431542
270,10,global,1.0,0.9701213818860878,0.3370681605975724,0.1223155929038282
270,11,global,1.0,0.982791586998088,0.4665391969407266,0.18833652007648183
270,12,global,1.0,0.987987987987988,0.4244244244244244,0.14914914914914915
270,13,global,1.0,0.9658703071672355,0.29692832764505117,0.13139931740614336
270,14,global,1.0,0.9818181818181818,0.2809090909090909,0.0890909090909091
270,15,global,1.0,0.984573502722323,0.33303085299455537,0.1424682395644283
270,16,global,1.0,0.9334428923582581,0.35497124075595726,0.16105176663927692
270,17,global,1.0,0.9834469328140214,0.3320350535540409,0.0934761441090555
270,18,global,1.0,0.9959546925566343,0.3616504854368932,0.14401294498381878
270,19,global,1.0,0.9862888482632541,0.20109689213893966,0.04661791590493602
270,20,global,1.0,0.982648401826484,0.3497716894977169,0.1461187214611872
270,21,global,1.0,0.944153577661431,0.29842931937172773,0.11082024432809773
270,22,global,1.0,0.9942418426103646,0.32629558541266795,0.11612284069097889
270,23,global,1.0,0.9777158774373259,0.36025998142989785,0.12627669452181986
270,24,global,1.0,0.9627989371124889,0.36049601417183347,0.15589016829052257
270,25,global,1.0,0.9938335046248715,0.2908530318602261,0.11510791366906475
270,26,global,1.0,0.9869083585095669,0.42396777442094663,0.1782477341389728
270,27,global,1.0,0.9927685950413223,0.26136363636363635,0.11570247933884298
270,28,global,1.0,0.9896373056994818,0.32037996545768566,0.1070811744386874
270,29,global,1.0,0.9771210676835081,0.30409914204003813,0.12869399428026693
270,30,global,1.0,0.9712339137017411,0.20590461771385316,0.08402725208175625
270,31,global,1.0,0.9735401459854015,0.3585766423357664,0.14233576642335766
270,32,global,1.0,0.9912739965095986,0.3542757417102967,0.1474694589877836
270,33,global,1.0,0.9879129734085415,0.32554391619661566,0.12489927477840451
270,34,global,1.0,0.9899699097291875,0.35606820461384153,0.13640922768304914
270,35,global,1.0,0.9840909090909091,0.3143939393939394,0.12878787878787878
270,36,global,1.0,0.9637130801687763,0.39409282700421944,0.16877637130801687
270,37,global,1.0,0.9903147699757869,0.3365617433414044,0.13236481033091202
270,38,global,1.0,0.986815415821501,0.43103448275862066,0.1663286004056795
270,39,global,1.0,0.9974380871050385,0.3748932536293766,0.1682322801024765
270,40,global,1.0,0.9888977002379065,0.32434575733544807,0.13560666137985725
270,41,global,1.0,0.9835748792270531,0.3565217391304348,0.1642512077294686
270,42,global,1.0,0.9640666082383874,0.31989482909728306,0.12532865907099036
270,43,global,1.0,0.9791666666666666,0.3914930555555556,0.15364583333333334
270,44,global,1.0,0.9921182266009853,0.2650246305418719,0.09359605911330049
270,45,global,1.0,0.964769647696477,0.36133694670280037,0.12466124661246612
270,46,global,1.0,0.9844020797227037,0.3708838821490468,0.1386481802426343
270,47,global,1.0,0.9917763157894737,0.36101973684210525,0.13240131578947367
270,48,global,1.0,0.9743377483443708,0.3973509933774834,0.15066225165562913
270,49,global,1.0,0.9869812855980472,0.30431244914564687,0.0951993490642799
270,50,global,1.0,0.9890310786106032,0.31992687385740404,0.13254113345521024
280,1,global,1.0,0.9980411361410382,0.23702252693437806,0.089128305582762
280,2,global,1.0,0.993103448275862,0.35258620689655173,0.18362068965517242
280,3,global,1.0,0.9748917748917749,0.32727272727272727,0.12813852813852813
280,4,global,1.0,0.9882121807465619,0.4174852652259332,0.1944990176817289
280,5,global,1.0,0.9592391304347826,0.328804347826087,0.12590579710144928
280,6,global,1.0,0.9936479128856625,0.37295825771324864,0.1424682395644283
280,7,global,1.0,0.9803370786516854,0.31741573033707865,0.11423220973782772
280,8,global,1.0,0.9841549295774648,0.3336267605633803,0.13556338028169015
280,9,global,1.0,0.9819897084048027,0.37564322469982847,0.15523156089193826
280,10,global,1.0,0.9751449875724938,0.2526926263463132,0.10107705053852527
280,11,global,1.0,0.9894991922455574,0.37075928917609047,0.15105008077544427
280,12,global,1.0,0.9808743169398907,0.35154826958105645,0.13752276867030966
280,13,global,1.0,0.9784688995215312,0.3437001594896332,0.1594896331738437
280,14,global,1.0,0.980836236933798,0.3397212543554007,0.156794425087108
280,15,global,1.0,0.9782790309106099,0.2573099415204678,0.10025062656641603
280,16,global,1.0,0.9564814814814815,0.3212962962962963,0.09074074074074075
280,17,global,1.0,0.9819967266775778,0.3576104746317512,0.14729950900163666
280,18,global,1.0,0.9752704791344667,0.3554868624420402,0.14064914992272023
280,19,global,1.0,0.9798165137614679,0.41192660550458715,0.15504587155963304
280,20,global,1.0,0.9828913601368692,0.35072711719418304,0.15226689478186484
280,21,global,1.0,0.9972324723247232,0.35885608856088563,0.1429889298892989
280,22,global,1.0,0.9900990099009901,0.3438343834383438,0.10171017101710171
280,23,global,1.0,0.9714532871972318,0.24740484429065743,0.11332179930795848
280,24,global,1.0,0.9935622317596566,0.41416309012875535,0.17381974248927037
280,25,global,1.0,0.9600760456273765,0.3355513307984791,0.13878326996197718
280,26,global,1.0,0.9908571428571429,0.368,0.13028571428571428
280,27,global,1.0,0.9892086330935251,0.31115107913669066,0.1223021582733813
280,28,global,1.0,0.9937952430196484,0.3784901758014478,0.17063081695966908
280,29,global,1.0,0.9792576419213974,0.3471615720524017,0.14519650655021835
280,30,global,1.0,0.9785247432306255,0.3408029878618114,0.14565826330532214
280,31,global,1.0,0.9902849740932642,0.3290155440414508,0.11010362694300518
280,32,global,1.0,0.9827586206896551,0.36745689655172414,0.14547413793103448
280,33,global,1.0,0.9511986301369864,0.3818493150684932,0.1583904109589041
280,34,global,1.0,0.9816360601001669,0.3080133555926544,0.11769616026711185
280,35,global,1.0,0.9761668321747765,0.43892750744786496,0.19860973187686196
280,36,global,1.0,0.9888983774551665,0.34500426985482496,0.10162254483347566
280,37,global,1.0,0.9945945945945946,0.35495495495495494,0.12702702702702703
280,38,global,1.0,0.9653916211293261,0.29326047358834245,0.10837887067395265
280,39,global,1.0,0.9908759124087592,0.2755474452554745,0.10127737226277372
280,40,global,1.0,0.9558011049723757,0.3360957642725598,0.09944751381215469
280,41,global,1.0,0.9881818181818182,0.34545454545454546,0.13636363636363635
280,42,global,1.0,0.9917184265010351,0.44824016563146996,0.17494824016563146
280,43,global,1.0,0.9982332155477032,0.3471731448763251,0.13162544169611307
280,44,global,1.0,0.983710407239819,0.4343891402714932,0.16289592760180996
280,45,global,1.0,0.9713804713804713,0.26851851851851855,0.1026936026936027
280,46,global,1.0,0.9610750695088045,0.40500463392029656,0.1872103799814643
280,47,global,1.0,0.9767621998450813,0.3222308288148722,0.14794732765298219
280,48,global,1.0,0.9872727272727273,0.37,0.1618181818181818
280,49,global,1.0,0.9883966244725738,0.37763713080168776,0.16455696202531644
280,50,global,1.0,0.9657020364415863,0.3215434083601286,0.12540192926045016
290,1,global,1.0,0.9821862348178138,0.37894736842105264,0.14251012145748987
290,2,global,1.0,0.9901256732495511,0.35457809694793535,0.17055655296229802
290,3,global,1.0,0.9739884393063584,0.37283236994219654,0.13583815028901733
290,4,global,1.0,0.9982363315696648,0.4091710758377425,0.1384479717813051
290,5,global,1.0,0.9868725868725868,0.3907335907335907,0.1498069498069498
290,6,global,1.0,0.9801553062985332,0.35893011216566006,0.14408973252804141
290,7,global,1.0,0.98515625,0.2890625,0.09453125
290,8,global,1.0,0.9917081260364843,0.3747927031509121,0.15091210613598674
290,9,global,1.0,0.9707964601769912,0.315929203539823,0.1336283185840708
290,10,global,1.0,0.9960668633235005,0.4218289085545723,0.18190757128810225
290,11,global,1.0,0.9714795008912656,0.25935828877005346,0.08823529411764706
290,12,global,1.0,0.9894736842105263,0.3526315789473684,0.13421052631578947
290,13,global,1.0,0.988929889298893,0.3348708487084871,0.13468634686346864
290,14,global,1.0,0.9791907514450867,0.3606936416184971,0.12369942196531791
290,15,global,0.9866666666666667,0.9785502958579881,0.3698224852071006,0.15532544378698224
290,16,global,1.0,0.9681528662420382,0.36032757051865333,0.1364877161055505
290,17,global,1.0,0.9839319470699432,0.391304347826087,0.166351606805293
290,18,global,1.0,0.9761904761904762,0.4104761904761905,0.1619047619047619
290,19,global,1.0,0.9737954353338969,0.34657650042265425,0.12679628064243448
290,20,global,1.0,0.9868421052631579,0.3371710526315789,0.13075657894736842
290,21,global,1.0,0.989443378119002,0.3618042226487524,0.15834932821497122
290,22,global,1.0,0.9928571428571429,0.35816326530612247,0.14081632653061224
290,23,global,1.0,0.9884547069271759,0.3206039076376554,0.13232682060390763
290,24,global,1.0,0.9696699375557538,0.3862622658340767,0.13559322033898305
290,25,global,1.0,0.9809619238476954,0.37675350701402804,0.15430861723446893
290,26,global,1.0,0.9890453834115805,0.257433489827856,0.07589984350547731
290,27,global,1.0,0.9884726224783862,0.3900096061479347,0.14793467819404418
290,28,global,1.0,0.9841740850642928,0.19485657764589515,0.06429277942631058
290,29,global,1.0,0.9965753424657534,0.2688356164383562,0.0916095890410959
290,30,global,1.0,0.9370165745856354,0.34806629834254144,0.13038674033149172
290,31,global,1.0,0.9680766161213089,0.24102154828411812,0.10534716679968077
290,32,global,1.0,0.9916387959866221,0.3419732441471572,0.13795986622073578
290,33,global,1.0,0.9882352941176471,0.35508021390374334,0.11122994652406418
290,34,global,1.0,0.9784110535405872,0.348013816925734,0.15716753022452504
290,35,global,1.0,0.9815557337610264,0.3688853247794707,0.15637530072173217
290,36,global,1.0,0.98989898989899,0.49873737373737376,0.20202020202020202
290,37,global,1.0,0.9869067103109657,0.35597381342062195,0.11865793780687398
290,38,global,1.0,0.9817315329626688,0.24066719618745036,0.08419380460683082
290,39,global,1.0,0.9797535211267606,0.35651408450704225,0.15580985915492956
290,40,global,1.0,0.9886246122026887,0.390899689762151,0.17476732161323683
290,41,global,1.0,0.9783464566929134,0.33562992125984253,0.14468503937007873
290,42,global,1.0,0.9727767695099818,0.3666061705989111,0.16424682395644283
290,43,global,1.0,0.9752144899904671,0.3203050524308866,0.14108674928503337
290,44,global,1.0,0.9735503560528993,0.24008138351983724,0.10986775178026449
290,45,global,1.0,0.984982332155477,0.44434628975265017,0.18021201413427562
290,46,global,1.0,0.983224603914259,0.3699906803355079,0.17520969245107176
290,47,global,1.0,0.9759704251386322,0.41497227356746763,0.17744916820702403
290,48,global,1.0,0.9875195007800313,0.40249609984399376,0.14742589703588144
290,49,global,1.0,0.9912350597609562,0.3147410358565737,0.11713147410358565
290,50,global,1.0,0.9914346895074947,0.4261241970021413,0.1873661670235546
300,1,global,1.0,0.9913793103448276,0.3620689655172414,0.125
300,2,global,1.0,0.975609756097561,0.351555929352397,0.14970563498738435
300,3,global,1.0,0.9818840579710145,0.358695652173913,0.13768115942028986
300,4,global,1.0,0.9808429118773946,0.3879310344827586,0.13793103448275862
300,5,global,1.0,0.9775401069518717,0.43315508021390375,0.14545454545454545
300,6,global,1.0,0.9890610756608933,0.39562443026435734,0.11850501367365543
300,7,global,1.0,0.9850483729111698,0.3289357959542656,0.12752858399296393
300,8,global,1.0,0.9897769516728625,0.4033457249070632,0.1737918215613383
300,9,global,1.0,0.9967023907666942,0.3033800494641385,0.11294311624072548
300,10,global,1.0,0.9862778730703259,0.3876500857632933,0.16552315608919382
300,11,global,1.0,0.9947643979057592,0.4408376963350785,0.18219895287958116
300,12,global,1.0,0.9939550949913645,0.37305699481865284,0.12607944732297063
300,13,global,1.0,0.964527027027027,0.33614864864864863,0.13006756756756757
300,14,global,1.0,0.9817997977755308,0.3822042467138524,0.15166835187057634
300,15,global,1.0,0.9914396887159533,0.3657587548638132,0.15408560311284047
300,16,global,1.0,0.9925373134328358,0.33302238805970147,0.1455223880597015
300,17,global,1.0,0.9831791421362489,0.40370058873002523,0.1564339781328848
300,18,global,1.0,0.9872173058013766,0.32645034414945917,0.1504424778761062
300,19,global,1.0,0.9706439393939394,0.35321969696969696,0.14488636363636365
300,20,global,1.0,1.0,0.3472998137802607,0.13221601489757914
300,21,global,1.0,0.9823083403538332,0.33698399326032014,0.14490311710193765
300,22,global,1.0,0.9944954128440368,0.3743119266055046,0.16972477064220184
300,23,global,1.0,0.9891794409377818,0.3742110009017133,0.151487826871055
300,24,global,1.0,0.9915343915343915,0.40105820105820106,0.18518518518518517
300,25,global,1.0,0.9757688723205965,0.3448275862068966,0.10251630941286113
300,26,global,1.0,0.9982935153583617,0.3250853242320819,0.1220136518771331
300,27,global,1.0,0.9435336976320583,0.3998178506375228,0.16848816029143898
300,28,global,1.0,0.9783728115345005,0.46755921730175076,0.21524201853759012
300,29,global,1.0,0.9914438502673797,0.3497326203208556,0.11550802139037433
300,30,global,1.0,0.9690140845070423,0.3502347417840376,0.15586854460093896
300,31,global,1.0,0.9851268591426072,0.37270341207349084,0.17060367454068243
300,32,global,1.0,0.9857868020304569,0.3786802030456853,0.15634517766497463
300,33,global,1.0,0.9711864406779661,0.3093220338983051,0.12966101694915255
300,34,global,1.0,0.981018981018981,0.4255744255744256,0.1848151848151848
300,35,global,1.0,0.9900826446280991,0.24049586776859505,0.07107438016528926
300,36,global,1.0,0.9822033898305085,0.3093220338983051,0.11949152542372882
300,37,global,1.0,0.968944099378882,0.43105590062111804,0.18757763975155278
300,38,global,1.0,0.9720837487537388,0.4695912263210369,0.23629112662013957
300,39,global,1.0,0.9754601226993865,0.3768624014022787,0.14986853637160386
300,40,global,1.0,0.9664082687338501,0.31093884582256676,0.12058570198105081
300,41,global,1.0,0.9738175675675675,0.4222972972972973,0.19256756756756757
300,42,global,1.0,0.9853195164075993,0.31088082901554404,0.14421416234887738
300,43,global,1.0,0.9846743295019157,0.342911877394636,0.11206896551724138
300,44,global,1.0,0.979328165374677,0.32385874246339363,0.12403100775193798
300,45,global,1.0,0.9692058346839546,0.42544570502431117,0.17504051863857376
300,46,global,1.0,0.974025974025974,0.2297077922077922,0.07142857142857142
300,47,global,1.0,0.9790660225442834,0.3534621578099839,0.1529790660225443
300,48,global,1.0,0.9782805429864253,0.36470588235294116,0.14660633484162897
300,49,global,1.0,0.9886914378029079,0.3602584814216478,0.12762520193861066
300,50,global,1.0,0.9860426929392446,0.3768472906403941,0.16420361247947454
310,1,global,1.0,0.9715384615384616,0.3792307692307692,0.17615384615384616
310,2,global,1.0,0.979,0.4,0.165
310,3,global,1.0,0.9870426829268293,0.37271341463414637,0.17530487804878048
310,4,global,1.0,0.9973404255319149,0.3625886524822695,0.13829787234042554
310,5,global,1.0,0.9912280701754386,0.4226475279106858,0.22488038277511962
310,6,global,1.0,0.9877126654064272,0.3846880907372401,0.16824196597353497
310,7,global,1.0,0.9739292364990689,0.2942271880819367,0.11266294227188083
310,8,global,1.0,0.9867109634551495,0.2691029900332226,0.10963455149501661
310,9,global,1.0,0.9758928571428571,0.35535714285714287,0.15535714285714286
310,10,global,1.0,0.9752066115702479,0.39173553719008264,0.14545454545454545
310,11,global,1.0,0.9937759336099585,0.3049792531120332,0.1358921161825726
310,12,global,1.0,0.9864376130198915,0.3770343580470163,0.16184448462929477
310,13,global,1.0,0.9770009199632015,0.34958601655933763,0.0827966881324747
310,14,global,1.0,0.9901768172888016,0.362475442043222,0.15520628683693516
310,15,global,1.0,0.9904852521408183,0.4367269267364415,0.21883920076117983
310,16,global,1.0,0.9949799196787149,0.392570281124498,0.13453815261044177
310,17,global,1.0,0.9665940450254176,0.29121278140885987,0.12200435729847495
310,18,global,1.0,0.9674074074074074,0.3274074074074074,0.12962962962962962
310,19,global,1.0,0.9783174327840416,0.41023417172593235,0.16825672159583693
310,20,global,1.0,0.9749163879598662,0.3419732441471572,0.14381270903010032
310,21,global,1.0,0.9908592321755028,0.3592321755027422,0.1453382084095064
310,22,global,0.9866666666666667,0.9580983078162773,0.42304593070104757,0.16680096696212732
310,23,global,1.0,0.9904430929626412,0.3475238922675934,0.13379669852302345
310,24,global,1.0,0.9742366412213741,0.38645038167938933,0.17080152671755724
310,25,global,1.0,0.9898477157360406,0.4263959390862944,0.18358714043993232
310,26,global,1.0,0.985233798195242,0.29614438063986875,0.10910582444626743
310,27,global,1.0,0.9721739130434782,0.3617391304347826,0.15391304347826087
310,28,global,1.0,0.983435047951177,0.3836094158674804,0.13949433304272013
310,29,global,1.0,0.9674344718030182,0.3550436854646545,0.13105639396346305
310,30,global,1.0,0.992619926199262,0.4086715867158672,0.1429889298892989
310,31,global,1.0,0.974559686888454,0.3532289628180039,0.13111545988258316
310,32,global,1.0,0.9913127413127413,0.4555984555984556,0.17471042471042472
310,33,global,1.0,0.9825870646766169,0.38225538971807627,0.16998341625207297
310,34,global,1.0,0.9521739130434783,0.3339130434782609,0.1356521739130435
310,35,global,1.0,0.9883040935672515,0.4594820384294068,0.21804511278195488
310,36,global,1.0,0.9931682322801024,0.38343296327924853,0.1682322801024765
310,37,global,1.0,0.9838846480067854,0.3469041560644614,0.14164546225614927
310,38,global,1.0,0.9783362218370883,0.3310225303292894,0.1360485268630849
310,39,global,1.0,0.9743816254416962,0.4098939929328622,0.18639575971731448
310,40,global,1.0,0.9850746268656716,0.309452736318408,0.14228855721393036
310,41,global,1.0,0.9654062751407884,0.37087691069991957,0.16170555108608206
310,42,global,1.0,0.9688311688311688,0.3471861471861472,0.12121212121212122
310,43,global,1.0,0.9949748743718593,0.32763819095477387,0.1487437185929648
310,44,global,1.0,0.9839773798303487,0.40999057492931196,0.1705937794533459
310,45,global,1.0,0.9754545454545455,0.34363636363636363,0.11727272727272728
310,46,global,1.0,0.9862745098039216,0.3568627450980392,0.13333333333333333
310,47,global,1.0,0.9876777251184834,0.3696682464454976,0.16018957345971563
310,48,global,1.0,0.9908713692946058,0.3759336099585062,0.12780082987551866
310,49,global,1.0,0.9898190045248869,0.39819004524886875,0.14027149321266968
310,50,global,1.0,0.9939498703543648,0.3949870354364736,0.15903197925669835
320,1,global,1.0,0.9951456310679612,0.31359223300970873,0.13592233009708737
320,2,global,1.0,0.9898242368177613,0.38482886216466233,0.12950971322849214
320,3,global,1.0,0.9754189944134078,0.4547486033519553,0.23016759776536314
320,4,global,1.0,0.9881278538812786,0.35799086757990867,0.14977168949771688
320,5,global,1.0,0.9531100478468899,0.39712918660287083,0.17703349282296652
320,6,global,1.0,0.9799283154121864,0.33548387096774196,0.13763440860215054
320,7,global,1.0,0.9701338825952626,0.36148300720906285,0.13079299691040164
320,8,global,1.0,0.9872509960159362,0.3816733067729084,0.15776892430278885
320,9,global,1.0,0.9726277372262774,0.39416058394160586,0.1678832116788321
320,10,global,1.0,0.9875478927203065,0.3936781609195402,0.14942528735632185
320,11,global,1.0,0.9882005899705014,0.34513274336283184,0.1720747295968535
320,12,global,1.0,0.9696699375557538,0.3220338983050847,0.15521855486173058
320,13,global,1.0,0.9663430420711974,0.284789644012945,0.12362459546925567
320,14,global,1.0,0.9586148648648649,0.3859797297297297,0.16554054054054054
320,15,global,1.0,0.9632881085395052,0.2968874700718276,0.11572226656025539
320,16,global,1.0,0.9706161137440759,0.38388625592417064,0.15734597156398103
320,17,global,1.0,0.9870259481037924,0.3502994011976048,0.1347305389221557
320,18,global,1.0,0.9854014598540146,0.3618352450469239,0.1710114702815433
320,19,global,1.0,0.9850615114235501,0.45430579964850615,0.14586994727592267
320,20,global,1.0,0.9899543378995433,0.2831050228310502,0.13333333333333333
320,21,global,1.0,0.9841409691629956,0.4801762114537445,0.2290748898678414
320,22,global,1.0,0.9958779884583677,0.42868920032976093,0.16240725474031328
320,23,global,1.0,0.9936247723132969,0.39799635701275043,0.1830601092896175
320,24,global,1.0,0.9760132340777502,0.3730355665839537,0.14061207609594706
320,25,global,1.0,0.9795918367346939,0.45757250268528465,0.15467239527389903
320,26,global,1.0,0.9652241112828439,0.2990726429675425,0.12442040185471406
320,27,global,1.0,0.995260663507109,0.42748815165876775,0.14786729857819905
320,28,global,1.0,0.99185667752443,0.41123778501628666,0.1791530944625407
320,29,global,1.0,0.9925857275254866,0.4457831325301205,0.19925857275254866
320,30,global,1.0,0.98998998998999,0.47047047047047047,0.18618618618618618
320,31,global,1.0,0.9821138211382113,0.34959349593495936,0.13902439024390245
320,32,global,1.0,0.9942748091603053,0.375,0.14599236641221375
320,33,global,1.0,0.9793174767321613,0.4043433298862461,0.17476732161323683
320,34,global,1.0,0.9639448568398727,0.46659597030752914,0.16755037115588547
320,35,global,1.0,0.985280588776449,0.38546458141674333,0.16007359705611776
320,36,global,1.0,0.9769585253456221,0.35944700460829493,0.19262672811059908
320,37,global,1.0,0.976274165202109,0.3655536028119508,0.1555360281195079
320,38,global,1.0,0.9776186213070726,0.37779767233661593,0.1369740376007162
320,39,global,1.0,0.9722497522299306,0.3855302279484638,0.15163528245787908
320,40,global,1.0,0.9726315789473684,0.3505263157894737,0.16210526315789472
320,41,global,1.0,0.9862778730703259,0.31046312178387653,0.1269296740994854
320,42,global,1.0,0.9652255639097744,0.3317669172932331,0.14473684210526316
320,43,global,1.0,0.9920704845814978,0.34449339207048457,0.13392070484581498
320,44,global,1.0,0.9874888293118856,0.3288650580875782,0.14655942806076855
320,45,global,1.0,0.9890590809628009,0.45185995623632386,0.19803063457330417
320,46,global,1.0,0.9760528488852188,0.3550784475639967,0.16432700247729148
320,47,global,1.0,0.9915325994919559,0.35817104149026247,0.1651143099068586
320,48,global,1.0,0.9701110162254484,0.41588385994876176,0.15798462852263023
320,49,global,1.0,0.9700230591852421,0.2482705611068409,0.11222136817832437
320,50,global,1.0,0.971304347826087,0.4373913043478261,0.1565217391304348
330,1,global,1.0,0.9828519855595668,0.2608303249097473,0.10288808664259928
330,2,global,1.0,0.9816207184628237,0.38262322472848787,0.14703425229741018
330,3,global,1.0,0.9924098671726755,0.40417457305502846,0.1555977229601518
330,4,global,1.0,0.988791032826261,0.31625300240192156,0.1521216973578863
330,5,global,1.0,0.9848914069877243,0.421152030217186,0.20113314447592068
330,6,global,1.0,0.9766022380467956,0.4883011190233978,0.20752797558494404
330,7,global,1.0,0.9926672777268561,0.42438130155820347,0.18331805682859761
330,8,global,1.0,0.9924559932942163,0.3134953897736798,0.12573344509639564
330,9,global,1.0,0.9911971830985915,0.3265845070422535,0.136443661971831
330,10,global,1.0,0.9862778730703259,0.40051457975986277,0.1955403087478559
330,11,global,1.0,0.9890023566378633,0.2741555380989788,0.08326787117046347
330,12,global,1.0,0.9862459546925566,0.38349514563106796,0.19336569579288027
330,13,global,1.0,0.9887096774193549,0.2645161290322581,0.12419354838709677
330,14,global,1.0,0.984984984984985,0.34434434434434436,0.13813813813813813
330,15,global,1.0,0.9769345238095238,0.2767857142857143,0.11681547619047619
330,16,global,1.0,0.9771573604060914,0.31810490693739424,0.1218274111675127
330,17,global,1.0,0.9911591355599214,0.3781925343811395,0.13555992141453832
330,18,global,1.0,0.9914236706689536,0.427958833619211,0.20240137221269297
330,19,global,1.0,0.9886759581881533,0.2979094076655052,0.13501742160278746
330,20,global,1.0,0.9858695652173913,0.45760869565217394,0.19782608695652174
330,21,global,1.0,0.9833187006145742,0.417910447761194,0.16242317822651448
330,22,global,1.0,0.9760923330585326,0.36438582028029676,0.14509480626545754
330,23,global,1.0,0.9747530186608123,0.27442371020856204,0.09659714599341383
330,24,global,1.0,0.9687964338781575,0.3833580980683507,0.15453194650817237
330,25,global,1.0,0.9820359281437125,0.3438836612489307,0.1454234388366125
330,26,global,1.0,0.9736191261335532,0.3536685902720528,0.12695795548227534
330,27,global,1.0,0.9707762557077626,0.365296803652968,0.14063926940639268
330,28,global,1.0,0.9813717188823031,0.292125317527519,0.11769686706181202
330,29,global,1.0,0.99146110056926,0.38330170777988615,0.16413662239089183
330,30,global,1.0,0.9810543657331137,0.385502471169687,0.17380560131795716
330,31,global,1.0,0.972972972972973,0.4790307548928239,0.1891891891891892
330,32,global,1.0,0.9637023593466425,0.37114337568058076,0.14609800362976408
330,33,global,1.0,0.9626933575978162,0.2820746132848044,0.12283894449499545
330,34,global,1.0,0.9881756756756757,0.43665540540540543,0.17314189189189189
330,35,global,1.0,0.9666666666666667,0.38282828282828285,0.17676767676767677
330,36,global,1.0,0.991833704528582,0.3793615441722346,0.1989606533036377
330,37,global,1.0,0.9897377423033067,0.35119726339794755,0.12998859749144812
330,38,global,1.0,0.9787664307381193,0.35490394337714865,0.15672396359959556
330,39,global,1.0,0.9842271293375394,0.3501577287066246,0.12854889589905363
330,40,global,1.0,0.9793340987370838,0.35361653272101035,0.1756601607347876
330,41,global,1.0,0.9749276759884281,0.39344262295081966,0.1677917068466731
330,42,global,1.0,0.9982532751091703,0.37903930131004365,0.1572052401746725
330,43,global,1.0,0.9956140350877193,0.39364035087719296,0.16776315789473684
330,44,global,1.0,0.9878577623590633,0.3061578490893322,0.11621856027753687
330,45,global,1.0,0.9930974978429681,0.3468507333908542,0.12510785159620363
330,46,global,1.0,0.9972826086956522,0.3188405797101449,0.12681159420289856
330,47,global,1.0,0.9841549295774648,0.2984154929577465,0.11883802816901408
330,48,global,1.0,0.987719298245614,0.40614035087719297,0.17192982456140352
330,49,global,1.0,0.9544211485870556,0.35824977210574294,0.11850501367365543
330,50,global,1.0,0.9736842105263158,0.3684210526315789,0.1502546689303905
340,1,global,1.0,0.9450819672131148,0.4180327868852459,0.1581967213114754
340,2,global,1.0,0.966796875,0.32421875,0.1279296875
340,3,global,1.0,0.9933649289099526,0.38293838862559243,0.13459715639810427
340,4,global,1.0,0.988998899889989,0.39933993399339934,0.14301430143014301
340,5,global,1.0,0.9842883548983364,0.4436229205175601,0.19593345656192238
340,6,global,1.0,0.994979079497908,0.4401673640167364,0.17154811715481172
340,7,global,1.0,0.9812067260138477,0.3867457962413452,0.1562809099901088
340,8,global,1.0,0.9802176063303659,0.4124629080118694,0.18298714144411474
340,9,global,1.0,0.9957310565635006,0.3425827107790822,0.1568836712913554
340,10,global,1.0,0.9901079136690647,0.42535971223021585,0.164568345323741
340,11,global,1.0,0.9855818743563337,0.44181256436663235,0.20803295571575695
340,12,global,1.0,0.9862570735650767,0.3993532740501213,0.15278900565885206
340,13,global,1.0,0.9738095238095238,0.4083333333333333,0.15119047619047618
340,14,global,1.0,0.9966996699669967,0.31518151815181517,0.14026402640264027
340,15,global,1.0,0.9789674952198852,0.36806883365200765,0.13862332695984703
340,16,global,1.0,0.9789823008849557,0.4579646017699115,0.18694690265486727
340,17,global,1.0,0.9851961509992598,0.3582531458179127,0.15099925980754997
340,18,global,1.0,0.9617622610141313,0.3507896924355777,0.15295095594347466
340,19,global,1.0,0.9689336691855583,0.3341729638958858,0.16288832913518053
340,20,global,1.0,0.9823529411764705,0.2605042016806723,0.11260504201680673
340,21,global,1.0,0.9847417840375586,0.4025821596244131,0.1607981220657277
340,22,global,1.0,0.9781468531468531,0.3968531468531469,0.17744755244755245
340,23,global,1.0,0.9571068124474348,0.3902439024390244,0.17661900756938603
340,24,global,1.0,0.980440097799511,0.36837815810920943,0.14832925835370822
340,25,global,1.0,0.9801762114537445,0.4834801762114537,0.17841409691629956
340,26,global,1.0,0.9925681255161024,0.42526837324525185,0.17341040462427745
340,27,global,1.0,0.9962049335863378,0.4430740037950664,0.17647058823529413
340,28,global,1.0,0.9750922509225092,0.42066420664206644,0.16051660516605165
340,29,global,1.0,0.9824074074074074,0.44814814814814813,0.14629629629629629
340,30,global,1.0,0.9862909367859863,0.33663366336633666,0.1706016755521706
340,31,global,1.0,0.9979445015416238,0.32682425488180883,0.131551901336074
340,32,global,1.0,0.9890219560878244,0.4441117764471058,0.16167664670658682
340,33,global,1.0,0.9643167972149695,0.3803307223672759,0.14882506527415143
340,34,global,1.0,0.9790874524714829,0.3669201520912547,0.14543726235741444
340,35,global,1.0,0.9766881028938906,0.37861736334405144,0.1639871382636656
340,36,global,1.0,0.9881974248927039,0.38197424892703863,0.15450643776824036
340,37,global,1.0,0.9729493891797557,0.23647469458987783,0.09162303664921466
340,38,global,1.0,0.9686684073107049,0.4516971279373368,0.206266318537859
340,39,global,1.0,0.9823584029712163,0.46982358402971214,0.16991643454038996
340,40,global,1.0,0.9846808510638297,0.41106382978723405,0.19063829787234043
340,41,global,1.0,0.9890295358649789,0.369620253164557,0.14852320675105485
340,42,global,1.0,0.9825949367088608,0.38449367088607594,0.12341772151898735
340,43,global,1.0,0.9800796812749004,0.4541832669322709,0.18426294820717132
340,44,global,1.0,0.9695340501792115,0.36469534050179214,0.13530465949820789
340,45,global,1.0,0.9946140035906643,0.30789946140035906,0.13824057450628366
340,46,global,1.0,0.9813606710158435,0.3401677539608574,0.14818266542404473
340,47,global,1.0,0.9885159010600707,0.43286219081272087,0.18462897526501768
340,48,global,1.0,0.987353206865402,0.4399277326106594,0.2014453477868112
340,49,global,1.0,0.9786096256684492,0.3155080213903743,0.1657754010695187
340,50,global,1.0,0.9872262773722628,0.39233576642335766,0.145985401459854
350,1,global,1.0,0.9976923076923077,0.2923076923076923,0.10692307692307693
350,2,global,1.0,0.9890329012961117,0.42073778664007977,0.1744765702891326
350,3,global,1.0,0.9902654867256637,0.3929203539823009,0.15132743362831858
350,4,global,1.0,0.9891794409377818,0.36699729486023447,0.14697926059513075
350,5,global,1.0,0.9982847341337907,0.39451114922813035,0.15437392795883362
350,6,global,1.0,0.9822784810126582,0.40253164556962023,0.18227848101265823
350,7,global,1.0,0.9735720375106565,0.2208013640238704,0.09036658141517477
350,8,global,1.0,0.9831838565022422,0.47085201793721976,0.1984304932735426
350,9,global,1.0,0.9895287958115183,0.41047120418848165,0.187434554973822
350,10,global,1.0,0.9920724801812004,0.39750849377123443,0.14609286523216308
350,11,global,1.0,0.9833479404031551,0.22436459246275198,0.08588957055214724
350,12,global,1.0,0.9714022140221402,0.3413284132841328,0.13468634686346864
350,13,global,1.0,0.9748062015503876,0.4108527131782946,0.1821705426356589
350,14,global,1.0,0.9874274661508704,0.40425531914893614,0.1595744680851064
350,15,global,1.0,0.9875827814569537,0.4097682119205298,0.1837748344370861
350,16,global,1.0,0.9838709677419355,0.4345878136200717,0.16845878136200718
350,17,global,1.0,0.9870445344129555,0.40323886639676115,0.17246963562753037
350,18,global,1.0,0.9891304347826086,0.3883399209486166,0.16106719367588934
350,19,global,1.0,0.9762340036563071,0.3491773308957952,0.1663619744058501
350,20,global,1.0,0.9961575408261287,0.43707973102785785,0.18059558117195004
350,21,global,1.0,0.9857142857142858,0.4642857142857143,0.18979591836734694
350,22,global,1.0,0.9841409691629956,0.3700440528634361,0.14713656387665197
350,23,global,1.0,0.9945440374123149,0.4318004676539361,0.20654715510522215
350,24,global,1.0,0.9754170324846356,0.3353819139596137,0.1466198419666374
350,25,global,1.0,0.9927835051546392,0.47216494845360824,0.1824742268041237
350,26,global,1.0,0.9565217391304348,0.37089618456078083,0.15173025732031944
350,27,global,1.0,0.9946236559139785,0.3978494623655914,0.15913978494623657
350,28,global,1.0,0.9945054945054945,0.41117216117216115,0.17032967032967034
350,29,global,1.0,0.9940677966101695,0.34915254237288135,0.1635593220338983
350,30,global,1.0,0.9937611408199644,0.40998217468805703,0.1836007130124777
350,31,global,1.0,0.9556756756756757,0.40756756756756757,0.16216216216216217
350,32,global,1.0,0.985,0.385,0.136
350,33,global,1.0,0.9966471081307627,0.37803855825649624,0.09555741827326068
350,34,global,1.0,0.9960513326752222,0.46396841066140176,0.17077986179664364
350,35,global,1.0,0.9823982398239824,0.4675467546754675,0.21122112211221122
350,36,global,1.0,0.9905482041587902,0.47542533081285443,0.2277882797731569
350,37,global,1.0,0.9851446442533229,0.40891321344800624,0.16966379984362784
350,38,global,1.0,0.9855907780979827,0.3976945244956772,0.16522574447646493
350,39,global,1.0,0.9841646872525732,0.4267616785431512,0.16389548693586697
350,40,global,1.0,0.9776061776061776,0.3907335907335907,0.15057915057915058
350,41,global,1.0,0.9849624060150376,0.3994360902255639,0.18139097744360902
350,42,global,1.0,0.9875,0.3110294117647059,0.13088235294117648
350,43,global,1.0,0.9859649122807017,0.4956140350877193,0.18421052631578946
350,44,global,1.0,0.9796084828711256,0.34094616639477976,0.15089722675367048
350,45,global,1.0,0.9854576561163387,0.3763900769888794,0.14029084687767324
350,46,global,1.0,0.994435612082671,0.40620031796502387,0.17885532591414943
350,47,global,1.0,0.9900914634146342,0.4192073170731707,0.16539634146341464
350,48,global,1.0,0.9819819819819819,0.32678132678132676,0.1466011466011466
350,49,global,1.0,0.9949409780775716,0.37015177065767285,0.15008431703204048
350,50,global,1.0,0.9983498349834984,0.4389438943894389,0.1971947194719472
360,1,global,1.0,0.976962457337884,0.44283276450511944,0.18686006825938567
360,2,global,1.0,0.973491773308958,0.39488117001828155,0.17915904936014626
360,3,global,1.0,0.9890329012961117,0.36689930209371885,0.15653040877367896
360,4,global,1.0,0.9902309058614565,0.46536412078152756,0.1989342806394316
360,5,global,1.0,0.978116079923882,0.38534728829686016,0.14843006660323502
360,6,global,1.0,0.9816053511705686,0.36454849498327757,0.14715719063545152
360,7,global,1.0,0.9897523484201537,0.3731853116994022,0.14175918018787362
360,8,global,1.0,0.9914691943127962,0.36777251184834125,0.15165876777251186
360,9,global,1.0,0.9723320158102767,0.39723320158102765,0.16897233201581027
360,10,global,1.0,0.9811475409836066,0.45819672131147543,0.21311475409836064
360,11,global,1.0,0.9891808346213292,0.2990726429675425,0.11978361669242658
360,12,global,1.0,0.987,0.337,0.118
360,13,global,1.0,0.9894566098945661,0.39497161394971614,0.15652879156528793
360,14,global,1.0,0.9840637450199203,0.4760956175298805,0.18824701195219123
360,15,global,1.0,0.9816849816849816,0.36355311355311354,0.1401098901098901
360,16,global,1.0,0.9965187119234117,0.38990426457789384,0.1731940818102698
360,17,global,1.0,0.9858585858585859,0.3383838383838384,0.11818181818181818
360,18,global,1.0,0.9782214156079855,0.35753176043557167,0.14156079854809436
360,19,global,1.0,0.9812734082397003,0.32209737827715357,0.13202247191011235
360,20,global,1.0,0.9813717188823031,0.35647756138865366,0.17696867061812024
360,21,global,1.0,0.9717557251908397,0.3480916030534351,0.1465648854961832
360,22,global,1.0,0.984313725490196,0.4235294117647059,0.16176470588235295
360,23,global,1.0,0.9731743666169895,0.2414307004470939,0.10283159463487332
360,24,global,1.0,0.9959116925592805,0.3401471790678659,0.14963205233033525
360,25,global,1.0,0.987353206865402,0.45799457994579945,0.2086720867208672
360,26,global,1.0,0.997020854021847,0.3684210526315789,0.15888778550148958
360,27,global,1.0,0.9910647803425168,0.39091586001489204,0.16604616530156366
360,28,global,1.0,0.9910277324632952,0.39477977161500816,0.1639477977161501
360,29,global,1.0,0.9875996457041629,0.4224977856510186,0.1762621789193977
360,30,global,1.0,0.991,0.423,0.185
360,31,global,1.0,0.9934701492537313,0.47294776119402987,0.1884328358208955
360,32,global,1.0,0.991971454058876,0.4415700267618198,0.19892952720785012
360,33,global,1.0,0.9746606334841629,0.4334841628959276,0.16561085972850678
360,34,global,1.0,0.9897483690587139,0.4026095060577819,0.17614165890027958
360,35,global,1.0,0.9872881355932204,0.38389830508474576,0.13898305084745763
360,36,global,1.0,0.9785932721712538,0.3007135575942915,0.1162079510703364
360,37,global,1.0,0.9904153354632588,0.3706070287539936,0.15894568690095848
360,38,global,1.0,0.9975961538461539,0.4270833333333333,0.1642628205128205
360,39,global,1.0,0.9903753609239654,0.28103946102021177,0.12319538017324351
360,40,global,1.0,0.9678217821782178,0.4174917491749175,0.16006600660066006
360,41,global,1.0,0.9626998223801065,0.2744227353463588,0.1127886323268206
360,42,global,1.0,0.9892008639308856,0.4406047516198704,0.15658747300215983
360,43,global,1.0,0.9935414424111948,0.5199138858988159,0.23896663078579117
360,44,global,1.0,0.9842767295597484,0.3089622641509434,0.11320754716981132
360,45,global,1.0,0.9832026875699889,0.40313549832026874,0.1623740201567749
360,46,global,1.0,0.9710743801652892,0.3202479338842975,0.11363636363636363
360,47,global,1.0,0.9847806624888094,0.41808415398388543,0.1638316920322292
360,48,global,1.0,0.9651376146788991,0.3541284403669725,0.15504587155963304
360,49,global,1.0,0.9839108910891089,0.47277227722772275,0.18935643564356436
360,50,global,1.0,0.9941690962099126,0.4314868804664723,0.19436345966958213
370,1,global,1.0,0.9659574468085106,0.3029787234042553,0.11063829787234042
370,2,global,1.0,0.9956369982547993,0.38830715532286214,0.17015706806282724
370,3,global,1.0,0.9772129710780018,0.3023663453111306,0.09728308501314636
370,4,global,1.0,0.981651376146789,0.32313965341488277,0.13761467889908258
370,5,global,1.0,0.960446247464503,0.45334685598377283,0.1896551724137931
370,6,global,1.0,0.989769820971867,0.32310315430520037,0.12361466325660699
370,7,global,1.0,0.9812171299774606,0.44778362133734034,0.19834710743801653
370,8,global,1.0,0.9859504132231405,0.36446280991735536,0.16942148760330578
370,9,global,1.0,0.9781849912739965,0.41012216404886565,0.1762652705061082
370,10,global,1.0,0.99185667752443,0.3697068403908795,0.14332247557003258
370,11,global,1.0,0.9855653568564555,0.40096230954290296,0.12910986367281477
370,12,global,1.0,0.976513098464318,0.41553748870822044,0.15176151761517614
370,13,global,1.0,0.9983633387888707,0.3322422258592471,0.13502454991816695
370,14,global,1.0,0.9758620689655172,0.378448275862069,0.1336206896551724
370,15,global,1.0,0.9768563162970106,0.46673095467695275,0.20250723240115717
370,16,global,1.0,0.9836065573770492,0.5188042430086789,0.23143683702989393
370,17,global,1.0,0.9941860465116279,0.32475083056478404,0.11710963455149502
370,18,global,1.0,0.9889112903225806,0.47076612903225806,0.19959677419354838
370,19,global,1.0,0.9846153846153847,0.438974358974359,0.19897435897435897
370,20,global,1.0,0.9873540856031129,0.40175097276264593,0.16926070038910507
370,21,global,1.0,0.9851988899167438,0.40888066604995377,0.17761332099907493
370,22,global,1.0,0.9852320675105485,0.4873417721518987,0.17932489451476794
370,23,global,1.0,0.9869215291750503,0.2987927565392354,0.08853118712273642
370,24,global,1.0,0.992,0.4071111111111111,0.17777777777777778
370,25,global,1.0,0.987279843444227,0.4500978473581213,0.19765166340508805
370,26,global,1.0,0.9933837429111532,0.41776937618147447,0.17580340264650285
370,27,global,1.0,0.9641873278236914,0.4214876033057851,0.17447199265381083
370,28,global,1.0,0.9865506329113924,0.370253164556962,0.12183544303797468
370,29,global,1.0,0.991588785046729,0.4514018691588785,0.1766355140186916
370,30,global,1.0,0.9677716390423573,0.4300184162062615,0.18968692449355432
370,31,global,1.0,0.9820754716981132,0.3867924528301887,0.1669811320754717
370,32,global,1.0,0.9699828473413379,0.4339622641509434,0.17238421955403088
370,33,global,1.0,0.9894459102902374,0.37467018469656993,0.11169744942832015
370,34,global,1.0,0.9891696750902527,0.3555956678700361,0.14169675090252706
370,35,global,1.0,0.9848605577689243,0.32350597609561754,0.1147410358565737
370,36,global,1.0,0.9847144006436042,0.43684633950120677,0.17296862429605792
370,37,global,1.0,0.9968102073365231,0.36921850079744817,0.11881977671451356
370,38,global,1.0,0.9897196261682243,0.39345794392523364,0.18598130841121496
370,39,global,1.0,0.9907578558225508,0.32624768946395566,0.1321626617375231
370,40,global,1.0,0.970873786407767,0.383053839364519,0.13945278022947927
370,41,global,1.0,0.9860813704496788,0.5235546038543897,0.18201284796573874
370,42,global,1.0,0.9929292929292929,0.30303030303030304,0.10101010101010101
370,43,global,1.0,0.9865319865319865,0.38047138047138046,0.14814814814814814
370,44,global,1.0,0.9858695652173913,0.41195652173913044,0.16195652173913044
370,45,global,1.0,0.9699312714776632,0.38402061855670105,0.15721649484536082
370,46,global,1.0,0.9853694220921726,0.34893928310168254,0.11265544989027067
370,47,global,1.0,0.987985212569316,0.44731977818853974,0.19963031423290203
370,48,global,1.0,0.991270611057226,0.4296799224054316,0.18816682832201745
370,49,global,1.0,0.9724011039558418,0.3137074517019319,0.13983440662373506
370,50,global,1.0,0.9707446808510638,0.4166666666666667,0.16400709219858156
380,1,global,1.0,0.9931237721021611,0.4076620825147348,0.19548133595284872
380,2,global,1.0,0.994579945799458,0.45257452574525747,0.17344173441734417
380,3,global,1.0,0.9898710865561694,0.36003683241252304,0.16574585635359115
380,4,global,1.0,0.971883786316776,0.3823805060918463,0.15557638238050608
380,5,global,1.0,0.9678238780694327,0.43099068585944117,0.165961049957663
380,6,global,1.0,0.9763928234183191,0.47592067988668557,0.22662889518413598
380,7,global,1.0,0.9945828819068255,0.47020585048754066,0.19176598049837487
380,8,global,1.0,0.9901345291479821,0.3865470852017937,0.15605381165919283
380,9,global,1.0,0.975,0.4401785714285714,0.19017857142857142
380,10,global,1.0,0.9892952720785013,0.36306868867082964,0.13826940231935772
380,11,global,1.0,0.9893048128342246,0.440794499618029,0.1779984721161192
380,12,global,1.0,0.9834123222748815,0.37993680884676145,0.1500789889415482
380,13,global,1.0,0.9876651982378855,0.3198237885462555,0.14185022026431718
380,14,global,1.0,0.9951028403525954,0.38001958863858964,0.14005876591576885
380,15,global,1.0,0.9867491166077739,0.37809187279151946,0.13780918727915195
380,16,global,1.0,0.9936153232242618,0.3383878691141261,0.12210694333599362
380,17,global,1.0,0.9936708860759493,0.4484629294755877,0.18625678119349007
380,18,global,1.0,0.9846449136276392,0.4107485604606526,0.16314779270633398
380,19,global,1.0,0.982316534040672,0.3978779840848806,0.17506631299734748
380,20,global,1.0,0.9691085613415711,0.412180052956752,0.1641659311562224
380,21,global,1.0,0.9865642994241842,0.4021113243761996,0.15834932821497122
380,22,global,1.0,0.9843912591050988,0.3631633714880333,0.14776274713839752
380,23,global,1.0,0.9931640625,0.513671875,0.22265625
380,24,global,1.0,0.9863672814755413,0.3688853247794707,0.10585404971932638
380,25,global,1.0,0.9884853852967228,0.4092116917626218,0.1744906997342781
380,26,global,1.0,0.990409764603313,0.40889276373147343,0.18657367044463818
380,27,global,1.0,0.9874509803921568,0.3380392156862745,0.15294117647058825
380,28,global,1.0,0.9947257383966245,0.5390295358649789,0.229957805907173
380,29,global,1.0,0.9830508474576272,0.3469591226321037,0.14456630109670987
380,30,global,1.0,0.9916981132075472,0.41056603773584904,0.1660377358490566
380,31,global,1.0,0.957169459962756,0.4581005586592179,0.19180633147113593
380,32,global,1.0,0.984251968503937,0.38188976377952755,0.11968503937007874
380,33,global,1.0,0.9824561403508771,0.3973684210526316,0.16403508771929826
380,34,global,1.0,0.9761658031088083,0.44559585492227977,0.17202072538860103
380,35,global,1.0,0.992827868852459,0.38422131147540983,0.1413934426229508
380,36,global,1.0,0.9893730074388948,0.4505844845908608,0.22104144527098832
380,37,global,1.0,0.9820717131474104,0.399402390438247,0.16235059760956175
380,38,global,1.0,0.9843597262952102,0.3831867057673509,0.17302052785923755
380,39,global,1.0,0.983274647887324,0.3670774647887324,0.15316901408450703
380,40,global,1.0,0.9811320754716981,0.42547169811320756,0.16226415094339622
380,41,global,1.0,0.9730215827338129,0.35251798561151076,0.16366906474820145
380,42,global,1.0,0.9573412698412699,0.4236111111111111,0.1865079365079365
380,43,global,1.0,0.9747747747747748,0.4189189189189189,0.15315315315315314
380,44,global,1.0,0.9941634241245136,0.4143968871595331,0.19455252918287938
380,45,global,1.0,0.9748837209302326,0.48186046511627906,0.19441860465116279
380,46,global,1.0,0.9791013584117032,0.4503657262277952,0.15464994775339602
380,47,global,1.0,0.988560533841754,0.4013346043851287,0.16396568160152525
380,48,global,1.0,0.9815354713313897,0.2954324586977648,0.12147716229348883
380,49,global,1.0,0.9951456310679612,0.4368932038834951,0.18284789644012944
380,50,global,1.0,0.9885260370697264,0.41394527802294795,0.1615180935569285
390,1,global,1.0,0.9893203883495145,0.5155339805825243,0.2407766990291262
390,2,global,1.0,0.9619651347068146,0.37083993660855785,0.13946117274167988
390,3,global,1.0,0.9795744680851064,0.3880851063829787,0.17957446808510638
390,4,global,1.0,0.9695973705834018,0.4075595727198028,0.1495480690221857
390,5,global,1.0,0.9935483870967742,0.4248847926267281,0.1640552995391705
390,6,global,1.0,0.9933938893476466,0.4888521882741536,0.22625928984310487
390,7,global,1.0,0.9816602316602316,0.3532818532818533,0.17857142857142858
390,8,global,1.0,0.9775280898876404,0.4012841091492777,0.15569823434991975
390,9,global,1.0,0.9868095630667766,0.41384995877988456,0.17147568013190437
390,10,global,1.0,0.9888372093023255,0.467906976744186,0.17302325581395347
390,11,global,1.0,0.9852558542931483,0.3668690372940156,0.16045099739809193
390,12,global,1.0,0.9665158371040724,0.4072398190045249,0.18914027149321266
390,13,global,1.0,0.9797178130511464,0.3950617283950617,0.15079365079365079
390,14,global,1.0,0.970754716981132,0.3905660377358491,0.15
390,15,global,1.0,0.9822784810126582,0.39071729957805906,0.1620253164556962
390,16,global,1.0,0.9848341232227488,0.4606635071090047,0.1981042654028436
390,17,global,1.0,0.9788602941176471,0.4420955882352941,0.16636029411764705
390,18,global,1.0,0.9881053525913339,0.40951571792693287,0.16992353440951571
390,19,global,1.0,0.9856887298747764,0.3425760286225403,0.13059033989266547
390,20,global,1.0,0.9788484136310224,0.5299647473560517,0.25499412455934195
390,21,global,1.0,0.9783834586466166,0.42951127819548873,0.17669172932330826
390,22,global,1.0,0.978595890410959,0.2534246575342466,0.11044520547945205
390,23,global,1.0,0.9513466550825369,0.36750651607298,0.158123370981755
390,24,global,1.0,0.9692637598284489,0.3080771979985704,0.1451036454610436
390,25,global,1.0,0.9860515021459227,0.4248927038626609,0.1781115879828326
390,26,global,1.0,0.9862068965517241,0.4370689655172414,0.18275862068965518
390,27,global,1.0,0.9698630136986301,0.4812785388127854,0.2100456621004566
390,28,global,1.0,0.9852125693160814,0.4297597042513863,0.19038817005545286
390,29,global,1.0,0.9939707149009475,0.2997416020671835,0.12489233419465978
390,30,global,1.0,0.9899909008189263,0.35577797998180166,0.1510464058234759
390,31,global,1.0,0.9855884707766213,0.366693354683747,0.1433146517213771
390,32,global,1.0,0.9553734061930783,0.453551912568306,0.17122040072859745
390,33,global,1.0,0.989310009718173,0.4412050534499514,0.2031098153547133
390,34,global,1.0,0.9363891487371375,0.36202057998129095,0.15434985968194576
390,35,global,1.0,0.9840796019900497,0.5412935323383085,0.2218905472636816
390,36,global,1.0,0.9868651488616462,0.38966725043782835,0.18038528896672504
390,37,global,1.0,0.9967767929089444,0.44560838033843675,0.2062852538275584
390,38,global,1.0,0.988929889298893,0.4511070110701107,0.1900369003690037
390,39,global,1.0,0.9846708746618575,0.3219116321009919,0.11181244364292155
390,40,global,1.0,0.9912790697674418,0.4176356589147287,0.16472868217054262
390,41,global,1.0,0.9866071428571429,0.39732142857142855,0.15625
390,42,global,1.0,0.9892294946147473,0.3620546810273405,0.1275890637945319
390,43,global,1.0,0.9810246679316889,0.3956356736242884,0.14990512333965844
390,44,global,1.0,0.9870466321243523,0.4274611398963731,0.12694300518134716
390,45,global,1.0,0.9950166112956811,0.3803986710963455,0.13704318936877077
390,46,global,1.0,0.9852941176470589,0.3843137254901961,0.1480392156862745
390,47,global,1.0,0.9818562456385206,0.3621772505233775,0.14305652477320308
390,48,global,1.0,0.9836206896551725,0.3939655172413793,0.15344827586206897
390,49,global,1.0,0.9980099502487563,0.3880597014925373,0.15422885572139303
390,50,global,1.0,0.982532751091703,0.32838427947598253,0.1554585152838428
400,1,global,1.0,0.9883198562443846,0.4384546271338724,0.17699910152740342
400,2,global,1.0,0.9757709251101322,0.36930983847283405,0.157856093979442
400,3,global,1.0,0.989558232931727,0.472289156626506,0.16546184738955824
400,4,global,1.0,0.9840848806366048,0.42528735632183906,0.20247568523430592
400,5,global,1.0,0.9779179810725552,0.32097791798107256,0.1474763406940063
400,6,global,1.0,0.9790969899665551,0.3720735785953177,0.14297658862876253
400,7,global,1.0,0.9780645161290322,0.42451612903225805,0.20258064516129032
400,8,global,1.0,0.9961722488038277,0.45263157894736844,0.17799043062200956
400,9,global,1.0,0.9732057416267943,0.4660287081339713,0.215311004784689
400,10,global,1.0,0.9753694581280788,0.43349753694581283,0.19458128078817735
400,11,global,1.0,0.9697493517718236,0.38202247191011235,0.1763180639585134
400,12,global,1.0,0.9827444535743632,0.3689400164338537,0.12736236647493837
400,13,global,1.0,0.9891107078039928,0.5172413793103449,0.19056261343012704
400,14,global,1.0,0.9784442361761949,0.34208059981255856,0.1527647610121837
400,15,global,1.0,0.9932170542635659,0.5794573643410853,0.22093023255813954
400,16,global,1.0,0.969639468690702,0.4686907020872865,0.1869070208728653
400,17,global,1.0,0.9930495221546481,0.39009556907037357,0.14682884448305822
400,18,global,1.0,0.9991652754590985,0.44323873121869783,0.17946577629382304
400,19,global,1.0,0.9907407407407407,0.4537037037037037,0.17962962962962964
400,20,global,1.0,0.9870250231696015,0.4272474513438369,0.20759962928637626
400,21,global,1.0,0.9786802030456853,0.4700507614213198,0.18781725888324874
400,22,global,1.0,0.983957219251337,0.37203972498090143,0.1413292589763178
400,23,global,1.0,0.9815668202764977,0.3585253456221198,0.1382488479262673
400,24,global,1.0,0.9904030710172744,0.43857965451055664,0.15355086372360843
400,25,global,1.0,0.9925619834710744,0.4371900826446281,0.18016528925619835
400,26,global,1.0,0.9816311535635562,0.36076414401175605,0.1535635562086701
400,27,global,1.0,0.9750996015936255,0.45617529880478086,0.1942231075697211
400,28,global,1.0,0.9703977798334875,0.3774283071230342,0.14708603145235893
400,29,global,1.0,0.9908163265306122,0.3683673469387755,0.16020408163265307
400,30,global,1.0,0.9879253567508233,0.4818880351262349,0.22502744237102085
400,31,global,1.0,0.9866539561487131,0.4652049571020019,0.23736892278360344
400,32,global,1.0,0.9679930795847751,0.2880622837370242,0.10121107266435986
400,33,global,1.0,0.972682119205298,0.36423841059602646,0.15397350993377484
400,34,global,1.0,0.9991289198606271,0.45121951219512196,0.17682926829268292
400,35,global,1.0,0.9684293606945541,0.36621941594317287,0.15548539857932123
400,36,global,1.0,0.9928644240570846,0.5025484199796126,0.21508664627930682
400,37,global,1.0,0.9835390946502057,0.3775720164609053,0.1748971193415638
400,38,global,1.0,0.982124079915878,0.4616193480546793,0.18506834910620398
400,39,global,1.0,0.9759535655058044,0.3706467661691542,0.15091210613598674
400,40,global,1.0,0.9717171717171718,0.3838383838383838,0.15454545454545454
400,41,global,1.0,0.9866220735785953,0.3996655518394649,0.17892976588628762
400,42,global,1.0,0.9989517819706499,0.3888888888888889,0.12683438155136267
400,43,global,1.0,0.9744058500914077,0.3793418647166362,0.15356489945155394
400,44,global,1.0,0.9644097222222222,0.4496527777777778,0.18836805555555555
400,45,global,1.0,0.9761194029850746,0.37512437810945276,0.13233830845771144
400,46,global,1.0,0.9928457869634341,0.3751987281399046,0.1669316375198728
400,47,global,1.0,0.9774011299435028,0.43099273607748184,0.20177562550443906
400,48,global,1.0,0.9804651162790697,0.3702325581395349,0.16093023255813954
400,49,global,1.0,0.9760994263862333,0.4569789674952199,0.1921606118546845
400,50,global,1.0,0.986815415821501,0.1997971602434077,0.05172413793103448
410,1,global,1.0,0.9990706319702602,0.4275092936802974,0.16449814126394052
410,2,global,1.0,0.9912587412587412,0.4554195804195804,0.2097902097902098
410,3,global,1.0,0.9933078393881453,0.41204588910133844,0.1586998087954111
410,4,global,1.0,0.9963336388634281,0.47571035747021084,0.19431714023831348
410,5,global,1.0,0.9828897338403042,0.2984790874524715,0.094106463878327
410,6,global,1.0,0.9818346957311535,0.3923705722070845,0.1444141689373297
410,7,global,1.0,0.9887755102040816,0.539795918367347,0.22755102040816327
410,8,global,1.0,0.9813084112149533,0.33925233644859815,0.14766355140186915
410,9,global,1.0,0.9793351302785265,0.4132973944294699,0.20035938903863432
410,10,global,1.0,0.9864724245577523,0.4162330905306972,0.17273673257023933
410,11,global,1.0,0.9949281487743026,0.37447168216398985,0.14116652578191038
410,12,global,1.0,0.9839119390347163,0.35139712108382726,0.1371718882303133
410,13,global,1.0,0.9939077458659704,0.3751087902523934,0.15404699738903394
410,14,global,1.0,0.9815837937384899,0.4263351749539595,0.17495395948434622
410,15,global,1.0,0.9659685863874345,0.37783595113438045,0.12827225130890052
410,16,global,1.0,0.9879182156133829,0.45724907063197023,0.20260223048327136
410,17,global,1.0,0.9720885466794995,0.31857555341674687,0.12512030798845045
410,18,global,1.0,0.983477576711251,0.4303697875688434,0.1841070023603462
410,19,global,1.0,0.9808978032473734,0.4145176695319962,0.18051575931232092
410,20,global,1.0,0.9661016949152542,0.423728813559322,0.19714540588760035
410,21,global,1.0,0.9889807162534435,0.30486685032139577,0.10835629017447199
410,22,global,1.0,0.990325417766051,0.30606860158311344,0.09058927000879508
410,23,global,1.0,0.9858781994704324,0.4077669902912621,0.14916151809355693
410,24,global,1.0,0.9851380042462845,0.44904458598726116,0.18471337579617833
410,25,global,1.0,0.9733036707452726,0.39599555061179087,0.1846496106785317
410,26,global,1.0,0.9882988298829883,0.39873987398739874,0.16741674167416742
410,27,global,1.0,0.9955604883462819,0.4306326304106548,0.1598224195338513
410,28,global,1.0,0.9843462246777164,0.4521178637200737,0.20810313075506445
410,29,global,1.0,0.9887218045112782,0.43890977443609025,0.17669172932330826
410,30,global,1.0,0.9874371859296482,0.314070351758794,0.1407035175879397
410,31,global,1.0,0.9793536804308797,0.4066427289048474,0.17504488330341114
410,32,global,1.0,0.9955985915492958,0.47007042253521125,0.18045774647887325
410,33,global,1.0,0.992653810835629,0.3415977961432507,0.11662075298438934
410,34,global,1.0,0.9605826906598115,0.4155955441302485,0.18766066838046272
410,35,global,1.0,0.9961202715809894,0.3947623666343356,0.16391852570320078
410,36,global,1.0,0.9974811083123426,0.3610411418975651,0.12762384550797648
410,37,global,1.0,0.9837983798379838,0.4446444644464446,0.2007200720072007
410,38,global,1.0,0.9692058346839546,0.46434359805510533,0.20907617504051865
410,39,global,1.0,0.9769769769769769,0.3963963963963964,0.1871871871871872
410,40,global,1.0,0.9876093294460642,0.3534985422740525,0.15087463556851313
410,41,global,1.0,0.9814634146341463,0.4848780487804878,0.18926829268292683
410,42,global,1.0,0.9930278884462151,0.47310756972111556,0.1952191235059761
410,43,global,1.0,0.9879903923138511,0.41232986389111287,0.12089671737389912
410,44,global,1.0,0.9860853432282004,0.42764378478664195,0.18274582560296845
410,45,global,1.0,0.9719051799824407,0.4310798946444249,0.16066725197541704
410,46,global,1.0,0.9678089304257529,0.43198338525441327,0.181723779854621
410,47,global,1.0,0.989628349178911,0.46153846153846156,0.19360414866032843
410,48,global,1.0,0.9777247414478918,0.3786793953858393,0.17899761336515513
410,49,global,1.0,0.9872915011914217,0.40031771247021447,0.15885623510722796
410,50,global,1.0,0.9847560975609756,0.44715447154471544,0.21341463414634146
420,1,global,1.0,0.983739837398374,0.35264227642276424,0.14939024390243902
420,2,global,1.0,0.9801381692573402,0.46545768566493956,0.21157167530224524
420,3,global,1.0,0.9904534606205251,0.42800318217979316,0.2100238663484487
420,4,global,1.0,0.9736147757255936,0.3518029903254178,0.1662269129287599
420,5,global,1.0,0.9909502262443439,0.43981900452488687,0.18190045248868777
420,6,global,1.0,0.9917203311867525,0.40202391904323825,0.16651333946642136
420,7,global,1.0,0.9849198868991518,0.4740810556079171,0.18661639962299717
420,8,global,1.0,0.9832775919732442,0.28678929765886285,0.14046822742474915
420,9,global,1.0,0.9640575079872205,0.40654952076677314,0.1805111821086262
420,10,global,1.0,0.9865951742627346,0.45576407506702415,0.20464700625558535
420,11,global,1.0,0.9968627450980392,0.4015686274509804,0.16156862745098038
420,12,global,1.0,0.9884032114183765,0.37555753791257807,0.14362176628010706
420,13,global,1.0,0.9817850637522769,0.3770491803278688,0.15209471766848817
420,14,global,1.0,0.9876957494407159,0.5178970917225951,0.21588366890380314
420,15,global,1.0,0.9929390997352162,0.4351279788172992,0.18711385701676964
420,16,global,1.0,0.9756733275412685,0.29800173761946136,0.11728931364031277
420,17,global,1.0,0.9758771929824561,0.3815789473684211,0.15021929824561403
420,18,global,1.0,0.984182776801406,0.3216168717047452,0.15641476274165203
420,19,global,1.0,0.989247311827957,0.4400330851943755,0.1935483870967742
420,20,global,1.0,0.9958813838550247,0.3698517298187809,0.14332784184514002
420,21,global,1.0,0.9849737039819685,0.4530428249436514,0.21712997746055598
420,22,global,1.0,0.9937388193202147,0.37298747763864043,0.16815742397137745
420,23,global,1.0,0.9768683274021353,0.4314946619217082,0.19128113879003558
420,24,global,1.0,0.9747520288548241,0.3913435527502254,0.18304779080252478
420,25,global,1.0,0.9697885196374623,0.4511581067472306,0.20644511581067473
420,26,global,1.0,0.9730569948186528,0.47150259067357514,0.19481865284974093
420,27,global,1.0,0.984822934232715,0.448566610455312,0.1905564924114671
420,28,global,1.0,0.989010989010989,0.510989010989011,0.2021978021978022
420,29,global,1.0,0.9983779399837794,0.38605028386050283,0.1549067315490673
420,30,global,1.0,0.9874326750448833,0.44614003590664275,0.19120287253141832
420,31,global,1.0,0.9847259658580413,0.4420485175202156,0.1940700808625337
420,32,global,1.0,0.9875207986688852,0.48336106489184694,0.1713810316139767
420,33,global,1.0,0.9775413711583925,0.4148936170212766,0.16784869976359337
420,34,global,1.0,0.9899909008189263,0.37579617834394907,0.15195632393084624
420,35,global,1.0,0.9789184234647113,0.308890925756187,0.11274060494958753
420,36,global,1.0,0.9850857568978374,0.4004474272930649,0.14392244593586875
420,37,global,1.0,0.9847870182555781,0.42697768762677485,0.1744421906693712
420,38,global,1.0,0.9868881118881119,0.38374125874125875,0.1547202797202797
420,39,global,1.0,0.970108695652174,0.4528985507246377,0.19655797101449277
420,40,global,1.0,0.9945987654320988,0.4097222222222222,0.19212962962962962
420,41,global,1.0,0.9720524017467249,0.4096069868995633,0.13537117903930132
420,42,global,1.0,0.9935956084172004,0.43000914913083255,0.17017383348581885
420,43,global,1.0,0.9563106796116505,0.3611650485436893,0.1669902912621359
420,44,global,1.0,0.9800210304942166,0.4416403785488959,0.16824395373291273
420,45,global,1.0,0.9811715481171548,0.446652719665272,0.20188284518828453
420,46,global,1.0,0.9848942598187311,0.45720040281973817,0.17925478348439072
420,47,global,1.0,0.9891891891891892,0.38764478764478766,0.15289575289575288
420,48,global,1.0,0.9840319361277445,0.468063872255489,0.15269461077844312
420,49,global,1.0,0.9738503155996393,0.40216411181244366,0.18575293056807934
420,50,global,1.0,0.9907235621521335,0.39332096474953615,0.150278293135436
430,1,global,1.0,0.9924170616113744,0.437914691943128,0.15450236966824646
430,2,global,1.0,0.9699666295884316,0.44493882091212456,0.18131256952169078
430,3,global,1.0,0.9731232622798888,0.42168674698795183,0.17330861909175163
430,4,global,1.0,0.9876868953386104,0.4204045734388742,0.16886543535620052
430,5,global,1.0,0.97138437741686,0.45011600928074247,0.18948182521268367
430,6,global,1.0,0.9611829944547134,0.42051756007393715,0.1423290203327172
430,7,global,1.0,0.9868951612903226,0.4848790322580645,0.19556451612903225
430,8,global,1.0,0.982124079915878,0.5404837013669821,0.19978969505783387
430,9,global,1.0,0.9830220713073005,0.3302207130730051,0.12478777589134125
430,10,global,1.0,0.976513098464318,0.4399277326106594,0.17976513098464317
430,11,global,1.0,0.9803370786516854,0.42134831460674155,0.17696629213483145
430,12,global,1.0,0.9645335389360061,0.35235158057054744,0.12104857363145721
430,13,global,1.0,0.993705743509048,0.44610542879622345,0.16679779701022818
430,14,global,1.0,0.9603709949409781,0.40387858347386174,0.16947723440134907
430,15,global,1.0,0.9801381692573402,0.40414507772020725,0.18307426597582038
430,16,global,1.0,0.9890909090909091,0.3781818181818182,0.14327272727272727
430,17,global,1.0,0.9802306425041186,0.40444810543657334,0.16803953871499178
430,18,global,1.0,0.9903474903474904,0.4806949806949807,0.20656370656370657
430,19,global,1.0,0.9931682322801024,0.4713919726729291,0.20836891545687447
430,20,global,1.0,0.9859550561797753,0.4166666666666667,0.1900749063670412
430,21,global,1.0,0.9785365853658536,0.46731707317073173,0.1746341463414634
430,22,global,1.0,0.9762340036563071,0.4369287020109689,0.1882998171846435
430,23,global,1.0,0.973421926910299,0.22591362126245848,0.08527131782945736
430,24,global,1.0,0.9721421709894332,0.41306436119116235,0.17195004803073968
430,25,global,1.0,0.9963336388634281,0.4344637946837763,0.16590284142988085
430,26,global,1.0,0.9911417322834646,0.45767716535433073,0.1860236220472441
430,27,global,1.0,0.9840637450199203,0.4151394422310757,0.17131474103585656
430,28,global,1.0,0.9780309194467046,0.4890154597233523,0.15378356387306755
430,29,global,1.0,0.9866028708133971,0.4277511961722488,0.1875598086124402
430,30,global,1.0,0.9863713798977853,0.3083475298126065,0.12095400340715502
430,31,global,1.0,0.9803921568627451,0.43686274509803924,0.1780392156862745
430,32,global,1.0,0.9951503394762367,0.37536372453928224,0.17361784675072744
430,33,global,1.0,0.9911426040744021,0.4641275465013286,0.17183348095659876
430,34,global,1.0,0.9759615384615384,0.3903846153846154,0.1875
430,35,global,1.0,0.9707822808671065,0.34307257304429783,0.1357210179076343
430,36,global,1.0,0.9913793103448276,0.5584291187739464,0.26915708812260536
430,37,global,1.0,0.9896907216494846,0.4629803186504217,0.19119025304592316
430,38,global,1.0,0.99687255668491,0.3674745895230649,0.163408913213448
430,39,global,1.0,0.9937565036420395,0.5192507804370448,0.20395421436004163
430,40,global,1.0,0.988391376451078,0.3814262023217247,0.1558872305140962
430,41,global,1.0,0.9869337979094077,0.43205574912891986,0.15766550522648085
430,42,global,1.0,0.9778481012658228,0.4061181434599156,0.14767932489451477
430,43,global,1.0,0.9855203619909503,0.45610859728506786,0.1755656108597285
430,44,global,1.0,0.9945848375451264,0.41696750902527074,0.1967509025270758
430,45,global,1.0,0.9494097807757167,0.4426644182124789,0.18718381112984822
430,46,global,1.0,0.9955317247542449,0.49508489722966936,0.19749776586237713
430,47,global,1.0,0.995274102079395,0.44139886578449905,0.2107750472589792
430,48,global,1.0,0.9760589318600368,0.37937384898710863,0.16574585635359115
430,49,global,1.0,0.9886148007590133,0.48861480075901326,0.19734345351043645
430,50,global,1.0,0.9967320261437909,0.45179738562091504,0.1772875816993464
440,1,global,1.0,0.9820051413881749,0.48500428449014565,0.1953727506426735
440,2,global,1.0,0.9869678540399652,0.42397914856646396,0.1416159860990443
440,3,global,1.0,0.983440662373505,0.4563017479300828,0.16283348666053357
440,4,global,1.0,0.9766763848396501,0.4975704567541302,0.2108843537414966
440,5,global,1.0,0.9851936218678815,0.4054669703872437,0.14464692482915717
440,6,global,1.0,0.968065693430657,0.42883211678832117,0.1906934306569343
440,7,global,1.0,0.9756317689530686,0.4368231046931408,0.1976534296028881
440,8,global,1.0,0.9769427839453458,0.3552519214346712,0.1332194705380017
440,9,global,1.0,0.9740384615384615,0.47115384615384615,0.21634615384615385
440,10,global,1.0,0.9934354485776805,0.3304157549234136,0.13202042304886943
440,11,global,1.0,0.9922555663117134,0.2884801548886738,0.11616650532429816
440,12,global,1.0,0.9786839666357738,0.45968489341983315,0.1881371640407785
440,13,global,1.0,0.9740361919748229,0.3910306845003934,0.18017309205350118
440,14,global,1.0,0.9895068205666316,0.5089192025183631,0.22770199370409233
440,15,global,1.0,0.9819376026272578,0.3251231527093596,0.13054187192118227
440,16,global,1.0,0.9927140255009107,0.44899817850637525,0.13934426229508196
440,17,global,1.0,0.9870848708487084,0.38191881918819187,0.16420664206642066
440,18,global,1.0,0.9886792452830189,0.41320754716981134,0.14433962264150943
440,19,global,1.0,0.967622571692877,0.39037927844588344,0.16651248843663274
440,20,global,1.0,0.9864158829676071,0.3782654127481714,0.14420062695924765
440,21,global,1.0,0.9889908256880734,0.3944954128440367,0.15688073394495414
440,22,global,1.0,0.986400725294651,0.4369900271985494,0.19038984587488667
440,23,global,1.0,0.9972144846796658,0.479108635097493,0.21727019498607242
440,24,global,1.0,0.9842323651452282,0.3867219917012448,0.175103734439834
440,25,global,1.0,0.9944008958566629,0.5195968645016797,0.21948488241881298
440,26,global,1.0,0.9687203791469194,0.35450236966824644,0.14028436018957346
440,27,global,1.0,0.9727722772277227,0.3184818481848185,0.10973597359735973
440,28,global,1.0,0.9942196531791907,0.4913294797687861,0.18909991742361684
440,29,global,1.0,0.9882583170254403,0.41682974559686886,0.16634050880626222
440,30,global,1.0,0.9882943143812709,0.3979933110367893,0.15802675585284282
440,31,global,1.0,0.9886492622020431,0.45970488081725314,0.1963677639046538
440,32,global,1.0,0.9898785425101214,0.5334008097165992,0.22267206477732793
440,33,global,1.0,0.977291841883936,0.4953742640874685,0.20857863751051303
440,34,global,1.0,0.9701492537313433,0.41459369817578773,0.1857379767827529
440,35,global,1.0,0.9792694965449161,0.4136229022704837,0.19151036525172754
440,36,global,1.0,0.9769452449567724,0.34293948126801155,0.13064361191162344
440,37,global,1.0,0.9916201117318436,0.3929236499068901,0.18901303538175046
440,38,global,1.0,0.9906407487401008,0.3369330453563715,0.14326853851691865
440,39,global,1.0,0.9956293706293706,0.4117132867132867,0.17395104895104896
440,40,global,1.0,0.9866190900981266,0.43532560214094557,0.16770740410347904
440,41,global,1.0,0.9838565022421525,0.31031390134529147,0.11748878923766816
440,42,global,1.0,0.9891402714932127,0.49230769230769234,0.20904977375565612
440,43,global,1.0,0.99296875,0.42890625,0.1609375
440,44,global,1.0,0.9686520376175548,0.3949843260188088,0.15673981191222572
440,45,global,1.0,0.9932829554995802,0.37279596977329976,0.16624685138539042
440,46,global,1.0,0.9961575408261287,0.3573487031700288,0.15369836695485112
440,47,global,1.0,0.9766260162601627,0.4502032520325203,0.20630081300813008
440,48,global,1.0,0.9766917293233083,0.3736842105263158,0.14736842105263157
440,49,global,1.0,0.980980980980981,0.4754754754754755,0.2072072072072072
440,50,global,1.0,0.9902826855123675,0.4584805653710247,0.20229681978798586
450,1,global,1.0,0.983789260385005,0.44984802431610943,0.1691995947315096
450,2,global,1.0,0.9874888293118856,0.4316353887399464,0.18141197497765862
450,3,global,1.0,0.9963735267452403,0.4841341795104261,0.2184950135992747
450,4,global,1.0,0.9921568627450981,0.44607843137254904,0.17254901960784313
450,5,global,1.0,0.9784313725490196,0.42745098039215684,0.16470588235294117
450,6,global,1.0,0.9955673758865248,0.3546099290780142,0.12322695035460993
450,7,global,1.0,0.9835051546391752,0.41855670103092785,0.16804123711340208
450,8,global,1.0,0.9781368821292775,0.4828897338403042,0.19106463878326996
450,9,global,1.0,0.9466316710411199,0.4671916010498688,0.18985126859142606
450,10,global,1.0,0.9822732012513035,0.529718456725756,0.19395203336809178
450,11,global,1.0,0.9926650366748166,0.3740831295843521,0.1784841075794621
450,12,global,1.0,0.9923076923076923,0.35096153846153844,0.1201923076923077
450,13,global,1.0,0.9694467382328654,0.4087530966143683,0.1833195706028076
450,14,global,1.0,0.968497576736672,0.4079159935379645,0.17447495961227788
450,15,global,1.0,0.9908163265306122,0.43673469387755104,0.19693877551020408
450,16,global,1.0,0.9911699779249448,0.5132450331125827,0.2119205298013245
450,17,global,1.0,0.9934569247546347,0.4100327153762268,0.17011995637949837
450,18,global,1.0,0.9774590163934426,0.45389344262295084,0.20901639344262296
450,19,global,1.0,0.98861646234676,0.38966725043782835,0.13660245183887915
450,20,global,1.0,0.9722650231124808,0.37750385208012327,0.14021571648690292
450,21,global,1.0,0.9622641509433962,0.4077112387202625,0.13453650533223954
450,22,global,1.0,0.984306887532694,0.4132519616390584,0.15518744551002617
450,23,global,1.0,0.9936823104693141,0.5081227436823105,0.24368231046931407
450,24,global,1.0,0.9926547743966422,0.41028331584470096,0.1689401888772298
450,25,global,1.0,0.9954648526077098,0.3983371126228269,0.17006802721088435
450,26,global,1.0,0.992988606485539,0.42068361086765993,0.17879053461875546
450,27,global,1.0,0.9918256130790191,0.508628519527702,0.21525885558583105
450,28,global,1.0,0.9826539462272333,0.47961838681699914,0.191673894189072
450,29,global,1.0,0.9774330042313117,0.4026798307475317,0.16008462623413258
450,30,global,1.0,0.9852686308492201,0.4341421143847487,0.17850953206239167
450,31,global,1.0,0.9763513513513513,0.42342342342342343,0.16666666666666666
450,32,global,1.0,0.9959390862944163,0.449746192893401,0.1532994923857868
450,33,global,1.0,0.9856115107913669,0.38489208633093525,0.17985611510791366
450,34,global,1.0,0.9701986754966887,0.38658940397350994,0.15149006622516556
450,35,global,1.0,0.9800955414012739,0.3248407643312102,0.12738853503184713
450,36,global,1.0,0.9870235198702352,0.4630981346309814,0.1597729115977291
450,37,global,1.0,0.9923518164435946,0.49235181644359466,0.20363288718929254
450,38,global,1.0,0.9897798742138365,0.4331761006289308,0.17688679245283018
450,39,global,1.0,0.9804511278195489,0.4330827067669173,0.18947368421052632
450,40,global,1.0,0.999,0.44,0.189
450,41,global,1.0,0.9797713280562885,0.5153913808267371,0.19349164467897978
450,42,global,1.0,0.983284169124877,0.4936086529006883,0.1750245821042281
450,43,global,1.0,0.9878504672897196,0.4327102803738318,0.1616822429906542
450,44,global,1.0,0.9777777777777777,0.4307692307692308,0.1829059829059829
450,45,global,1.0,0.9974003466204506,0.35528596187175043,0.14731369150779897
450,46,global,1.0,0.9737887212073074,0.41620333598093723,0.1675933280381255
450,47,global,1.0,0.9843260188087775,0.42737722048066873,0.1755485893416928
450,48,global,1.0,0.9851973684210527,0.3404605263157895,0.109375
450,49,global,1.0,0.9890572390572391,0.40824915824915825,0.17003367003367004
450,50,global,1.0,0.9951179820992677,0.4239218877135883,0.16273393002441008
460,1,global,1.0,0.9752421959095802,0.5435952637244349,0.22497308934337998
460,2,global,0.9866666666666667,0.9500907441016334,0.47731397459165154,0.19419237749546278
460,3,global,1.0,0.9896373056994818,0.45906735751295336,0.22694300518134716
460,4,global,1.0,0.981904761904762,0.5352380952380953,0.18761904761904763
460,5,global,1.0,0.9890009165902841,0.3950504124656279,0.15765352887259396
460,6,global,1.0,0.9708249496981891,0.46177062374245476,0.20925553319919518
460,7,global,1.0,0.986046511627907,0.40837209302325583,0.17674418604651163
460,8,global,1.0,0.9844479004665629,0.47667185069984447,0.18429237947122862
460,9,global,1.0,0.9955985915492958,0.3961267605633803,0.1698943661971831
460,10,global,1.0,0.9894128970163619,0.5563041385948027,0.2627526467757459
460,11,global,1.0,0.9424342105263158,0.3972039473684211,0.17516447368421054
460,12,global,1.0,0.9765625,0.484375,0.2333984375
460,13,global,1.0,0.9941037735849056,0.5306603773584906,0.23349056603773585
460,14,global,1.0,0.9919064748201439,0.5089928057553957,0.21402877697841727
460,15,global,1.0,0.9878787878787879,0.4222222222222222,0.1797979797979798
460,16,global,1.0,0.9746835443037974,0.41856540084388183,0.17890295358649788
460,17,global,1.0,0.9964285714285714,0.40982142857142856,0.1625
460,18,global,1.0,0.9841409691629956,0.4299559471365639,0.20440528634361232
460,19,global,1.0,0.9800629590766002,0.38719832109129065,0.16474291710388247
460,20,global,1.0,0.9917780061664954,0.447070914696814,0.1932168550873587
460,21,global,1.0,0.9723282442748091,0.33110687022900764,0.13072519083969467
460,22,global,1.0,0.9856870229007634,0.5419847328244275,0.23759541984732824
460,23,global,1.0,0.9887005649717514,0.4548022598870056,0.2015065913370998
460,24,global,1.0,0.9764243614931237,0.46463654223968565,0.17976424361493124
460,25,global,1.0,0.974485596707819,0.42386831275720166,0.16049382716049382
460,26,global,1.0,0.991321118611379,0.5602700096432015,0.22950819672131148
460,27,global,1.0,0.9955123410620793,0.4674644727000748,0.18100224382946897
460,28,global,1.0,0.9849874895746455,0.4103419516263553,0.17347789824854046
460,29,global,1.0,0.978595890410959,0.4571917808219178,0.19777397260273974
460,30,global,1.0,0.9827315541601256,0.4379905808477237,0.20408163265306123
460,31,global,1.0,0.9914602903501281,0.466268146883006,0.20068317677198974
460,32,global,1.0,0.9691666666666666,0.3333333333333333,0.09916666666666667
460,33,global,1.0,0.9845837615621789,0.5035971223021583,0.2209660842754368
460,34,global,1.0,0.9951534733441034,0.44426494345718903,0.1591276252019386
460,35,global,1.0,0.985445205479452,0.4263698630136986,0.1695205479452055
460,36,global,1.0,0.9826175869120655,0.43558282208588955,0.1390593047034765
460,37,global,1.0,0.9831144465290806,0.4530956848030019,0.1951219512195122
460,38,global,1.0,0.9927234927234927,0.3762993762993763,0.15592515592515593
460,39,global,1.0,0.9933823529411765,0.4698529411764706,0.2036764705882353
460,40,global,1.0,0.9946188340807175,0.484304932735426,0.14708520179372198
460,41,global,1.0,0.9831649831649831,0.39141414141414144,0.1776094276094276
460,42,global,1.0,0.9870354364736387,0.4010371650821089,0.19533275713050993
460,43,global,1.0,0.9834101382488479,0.4488479262672811,0.1889400921658986
460,44,global,1.0,0.9817483189241114,0.4514889529298751,0.1729106628242075
460,45,global,1.0,0.9904559915164369,0.5291622481442205,0.21845174973488865
460,46,global,1.0,0.99,0.48,0.2190909090909091
460,47,global,1.0,0.9770114942528736,0.2998084291187739,0.12260536398467432
460,48,global,1.0,0.9957983193277311,0.3957983193277311,0.1546218487394958
460,49,global,1.0,0.9953667953667954,0.3528957528957529,0.15752895752895754
460,50,global,1.0,0.9914285714285714,0.5704761904761905,0.23904761904761904
470,1,global,1.0,0.976258309591643,0.36562203228869894,0.15859449192782527
470,2,global,1.0,0.9970238095238095,0.48908730158730157,0.20436507936507936
470,3,global,1.0,0.9873908826382153,0.3821532492725509,0.16197866149369544
470,4,global,1.0,0.990506329113924,0.45358649789029537,0.20780590717299577
470,5,global,1.0,0.9935275080906149,0.5490830636461704,0.21790722761596548
470,6,global,1.0,0.9898904802021904,0.4625105307497894,0.18618365627632688
470,7,global,1.0,0.9841409691629956,0.49162995594713654,0.21497797356828194
470,8,global,1.0,0.9849498327759197,0.40217391304347827,0.15217391304347827
470,9,global,1.0,0.9935185185185185,0.4305555555555556,0.15555555555555556
470,10,global,1.0,0.9932088285229203,0.5237691001697793,0.2232597623089983
470,11,global,1.0,0.9556412729026037,0.33751205400192863,0.11668273866923819
470,12,global,1.0,0.9940769990128332,0.39881539980256664,0.1549851924975321
470,13,global,1.0,0.9805743243243243,0.4831081081081081,0.20523648648648649
470,14,global,1.0,0.9845132743362832,0.4019174041297935,0.15486725663716813
470,15,global,1.0,0.9831618334892422,0.41814780168381666,0.15060804490177737
470,16,global,1.0,1.0,0.43312666076173606,0.17891939769707707
470,17,global,1.0,0.9824561403508771,0.3850877192982456,0.13596491228070176
470,18,global,1.0,0.985236220472441,0.45177165354330706,0.17224409448818898
470,19,global,1.0,0.9775609756097561,0.4624390243902439,0.17658536585365853
470,20,global,1.0,0.9876434245366285,0.3989408649602824,0.17210944395410416
470,21,global,1.0,0.9869706840390879,0.34419109663409336,0.1465798045602606
470,22,global,1.0,0.9780018331805683,0.32538955087076077,0.12648945921173235
470,23,global,1.0,0.9765217391304348,0.3973913043478261,0.17739130434782607
470,24,global,1.0,0.9747474747474747,0.42828282828282827,0.18585858585858586
470,25,global,1.0,0.9964788732394366,0.38380281690140844,0.14700704225352113
470,26,global,1.0,0.983957219251337,0.43672014260249553,0.19696969696969696
470,27,global,1.0,0.9578189300411523,0.48559670781893005,0.16049382716049382
470,28,global,1.0,0.9849246231155779,0.3708542713567839,0.16884422110552763
470,29,global,1.0,0.9872673849167483,0.3966699314397649,0.14495592556317335
470,30,global,1.0,0.9791666666666666,0.314484126984127,0.14484126984126985
470,31,global,1.0,0.9601990049751243,0.4361525704809287,0.20729684908789386
470,32,global,1.0,0.9874869655891554,0.4035453597497393,0.14181438998957246
470,33,global,1.0,0.9965546942291128,0.43669250645994834,0.17743324720068906
470,34,global,1.0,0.9921875,0.44140625,0.1904296875
470,35,global,1.0,0.9872549019607844,0.45,0.14607843137254903
470,36,global,1.0,0.9828913601368692,0.4636441402908469,0.1864841745081266
470,37,global,1.0,0.9935327405012127,0.44058205335489087,0.19886822958771222
470,38,global,1.0,0.9679193400549955,0.40421631530705776,0.1778185151237397
470,39,global,1.0,0.9884853852967228,0.46944198405668736,0.19220549158547387
470,40,global,1.0,0.9725888324873097,0.483248730964467,0.19390862944162437
470,41,global,1.0,0.9802631578947368,0.4774436090225564,0.2199248120300752
470,42,global,1.0,0.9877300613496932,0.5354951796669588,0.24364592462751972
470,43,global,1.0,0.9909338168631007,0.4270172257479601,0.18948322756119673
470,44,global,1.0,0.9820971867007673,0.4560954816709292,0.18584825234441602
470,45,global,1.0,0.9675675675675676,0.44054054054054054,0.1945945945945946
470,46,global,1.0,0.9807692307692307,0.46070234113712377,0.19063545150501673
470,47,global,1.0,0.9990147783251232,0.48177339901477834,0.22758620689655173
470,48,global,1.0,0.9922813036020584,0.36192109777015435,0.12778730703259006
470,49,global,1.0,0.9812606473594548,0.33560477001703576,0.1362862010221465
470,50,global,1.0,0.9917287014061208,0.3837882547559967,0.152191894127378
480,1,global,1.0,0.9951923076923077,0.48365384615384616,0.23076923076923078
480,2,global,1.0,0.9796107506950881,0.42168674698795183,0.15477293790546803
480,3,global,1.0,0.9806651198762568,0.4423820572312452,0.20185614849187936
480,4,global,1.0,0.9707846410684474,0.4507512520868113,0.2045075125208681
480,5,global,1.0,0.985172981878089,0.40197693574958815,0.1771004942339374
480,6,global,1.0,0.9583766909469302,0.449531737773153,0.1914672216441207
480,7,global,1.0,0.9841688654353562,0.45646437994722955,0.1820580474934037
480,8,global,1.0,0.9835271317829457,0.42054263565891475,0.16569767441860464
480,9,global,1.0,0.9724444444444444,0.48977777777777776,0.19377777777777777
480,10,global,1.0,0.9743589743589743,0.4671474358974359,0.18269230769230768
480,11,global,1.0,0.9696180555555556,0.3958333333333333,0.1597222222222222
480,12,global,1.0,0.9650092081031307,0.43738489871086556,0.1703499079189687
480,13,global,1.0,0.9732718894009217,0.4967741935483871,0.2350230414746544
480,14,global,1.0,0.9852941176470589,0.4810924369747899,0.19222689075630253
480,15,global,1.0,0.999137187230371,0.43226919758412424,0.15962036238136323
480,16,global,1.0,0.9781818181818182,0.5563636363636364,0.2315151515151515
480,17,global,1.0,0.9707846410684474,0.34223706176961605,0.13856427378964942
480,18,global,1.0,0.9842845326716294,0.4913151364764268,0.1968569065343259
480,19,global,1.0,0.9802431610942249,0.3890577507598784,0.16337386018237082
480,20,global,1.0,0.9861495844875346,0.5216989843028624,0.19575253924284394
480,21,global,1.0,0.9966442953020134,0.39429530201342283,0.15436241610738255
480,22,global,1.0,0.9981167608286252,0.4632768361581921,0.21468926553672316
480,23,global,1.0,0.9856373429084381,0.4793536804308797,0.18850987432675045
480,24,global,1.0,0.9948186528497409,0.5086355785837651,0.23402417962003455
480,25,global,1.0,0.9743101807802094,0.3824928639391056,0.13606089438629876
480,26,global,1.0,0.9806501547987616,0.43188854489164086,0.14086687306501547
480,27,global,1.0,0.9756572541382668,0.47224926971762415,0.18208373904576436
480,28,global,1.0,0.9982698961937716,0.43685121107266434,0.17387543252595156
480,29,global,1.0,0.9923913043478261,0.4206521739130435,0.1891304347826087
480,30,global,1.0,0.9958592132505176,0.489648033126294,0.21428571428571427
480,31,global,1.0,0.9767008387698043,0.47996272134203166,0.2087604846225536
480,32,global,1.0,0.9796610169491525,0.47711864406779664,0.2211864406779661
480,33,global,1.0,0.9654320987654321,0.31851851851851853,0.145679012345679
480,34,global,1.0,0.997398091934085,0.46227233304423243,0.21769297484822203
480,35,global,1.0,0.9745293466223699,0.5238095238095238,0.22591362126245848
480,36,global,1.0,0.980327868852459,0.5147540983606558,0.21530054644808744
480,37,global,1.0,0.9662745098039216,0.3333333333333333,0.13176470588235295
480,38,global,1.0,0.9913522012578616,0.3867924528301887,0.15880503144654087
480,39,global,1.0,0.9710780017528484,0.3540753724802805,0.13584574934268187
480,40,global,1.0,0.9895196506550218,0.4925764192139738,0.21484716157205241
480,41,global,1.0,0.9852941176470589,0.48621323529411764,0.18658088235294118
480,42,global,1.0,0.9829706717123936,0.402081362346263,0.16177861873226113
480,43,global,1.0,0.994661921708185,0.451067615658363,0.19483985765124556
480,44,global,1.0,0.9964061096136568,0.3971248876909254,0.16891284815813118
480,45,global,1.0,0.9880733944954129,0.42844036697247706,0.1908256880733945
480,46,global,1.0,0.9905902480752781,0.4585115483319076,0.1941830624465355
480,47,global,1.0,0.9929411764705882,0.42901960784313725,0.21254901960784314
480,48,global,1.0,0.9973684210526316,0.4842105263157895,0.21228070175438596
480,49,global,1.0,0.981675392670157,0.4432809773123909,0.18150087260034903
480,50,global,1.0,0.9794392523364486,0.45794392523364486,0.17383177570093458
490,1,global,1.0,0.9828326180257511,0.4454935622317597,0.2206008583690987
490,2,global,1.0,0.9906191369606003,0.40619136960600377,0.1529080675422139
490,3,global,1.0,0.9809045226130654,0.464321608040201,0.1678391959798995
490,4,global,1.0,0.9922480620155039,0.44518272425249167,0.21816168327796234
490,5,global,1.0,0.9810508182601206,0.35745047372954347,0.13092161929371232
490,6,global,1.0,0.9764243614931237,0.5068762278978389,0.22102161100196463
490,7,global,1.0,0.9924812030075187,0.4446831364124597,0.19119226638023631
490,8,global,1.0,0.9765976597659766,0.4302430243024302,0.1773177317731773
490,9,global,1.0,0.9776046738072055,0.4634858812074002,0.19863680623174293
490,10,global,1.0,0.996186844613918,0.5938989513822688,0.29075309818875117
490,11,global,1.0,0.9825581395348837,0.37790697674418605,0.15033222591362128
490,12,global,1.0,0.9972727272727273,0.4809090909090909,0.18636363636363637
490,13,global,1.0,0.9924184988627748,0.36315390447308565,0.14859742228961334
490,14,global,1.0,0.995787700084246,0.4060657118786858,0.17523167649536647
490,15,global,1.0,0.988243938280676,0.36737692872887584,0.16458486407053638
490,16,global,1.0,0.9946714031971581,0.458259325044405,0.20515097690941386
490,17,global,1.0,0.980980980980981,0.4544544544544545,0.18218218218218218
490,18,global,1.0,0.9867256637168141,0.363716814159292,0.13805309734513274
490,19,global,1.0,0.9898710865561694,0.49171270718232046,0.19613259668508287
490,20,global,1.0,0.9689922480620154,0.43023255813953487,0.21124031007751937
490,21,global,1.0,0.9936775553213909,0.3656480505795574,0.17070600632244468
490,22,global,1.0,0.9833625218914186,0.37740805604203154,0.17162872154115585
490,23,global,1.0,0.9876543209876543,0.32839506172839505,0.12674897119341563
490,24,global,1.0,0.9714030384271671,0.4673815907059875,0.1778373547810545
490,25,global,1.0,0.9857578840284842,0.44252288911495424,0.20244150559511698
490,26,global,1.0,0.9836538461538461,0.44711538461538464,0.17884615384615385
490,27,global,1.0,0.9848771266540642,0.4905482041587902,0.2277882797731569
490,28,global,1.0,0.992274678111588,0.4240343347639485,0.16909871244635194
490,29,global,1.0,0.9829136690647482,0.4685251798561151,0.2329136690647482
490,30,global,1.0,0.9959903769045709,0.4907778668805132,0.18604651162790697
490,31,global,1.0,0.9948506694129763,0.3769309989701339,0.1184346035015448
490,32,global,1.0,0.9724919093851133,0.40129449838187703,0.16990291262135923
490,33,global,1.0,0.9921397379912664,0.48034934497816595,0.211353711790393
490,34,global,1.0,0.973851030110935,0.4286846275752773,0.15213946117274169
490,35,global,1.0,0.9707446808510638,0.37145390070921985,0.15425531914893617
490,36,global,1.0,0.9885964912280701,0.38333333333333336,0.15350877192982457
490,37,global,1.0,0.9748653500897666,0.3752244165170557,0.13913824057450627
490,38,global,1.0,0.9785247432306255,0.5723622782446312,0.25957049486461253
490,39,global,1.0,0.9776536312849162,0.47392923649906893,0.17411545623836128
490,40,global,1.0,0.9940417080436942,0.4627606752730884,0.20754716981132076
490,41,global,1.0,0.9928888888888889,0.44177777777777777,0.15466666666666667
490,42,global,1.0,0.9775280898876404,0.5107252298263534,0.20531154239019409
490,43,global,1.0,0.9611307420494699,0.42402826855123676,0.1696113074204947
490,44,global,1.0,0.974766355140187,0.4719626168224299,0.205607476635514
490,45,global,1.0,0.9680150517403575,0.35747883349012227,0.1599247412982126
490,46,global,1.0,0.9673590504451038,0.49653808110781406,0.19683481701285854
490,47,global,1.0,0.9901880621422731,0.42027800490596895,0.17743254292722813
490,48,global,1.0,0.9868297271872061,0.4609595484477893,0.1984948259642521
490,49,global,1.0,0.9780324737344794,0.43457497612225404,0.19102196752626552
490,50,global,1.0,0.9921414538310412,0.4793713163064833,0.2013752455795678
500,1,global,1.0,0.9930131004366812,0.5615720524017467,0.2497816593886463
500,2,global,1.0,0.9935483870967742,0.5182795698924731,0.23333333333333334
500,3,global,1.0,0.9827586206896551,0.3448275862068966,0.14156079854809436
500,4,global,1.0,0.9877551020408163,0.39102040816326533,0.16653061224489796
500,5,global,1.0,0.9882845188284519,0.3782426778242678,0.16317991631799164
500,6,global,1.0,0.9899175068744271,0.3565536205316224,0.14390467461044912
500,7,global,1.0,0.9797687861271677,0.47880539499036606,0.1994219653179191
500,8,global,1.0,0.9733009708737864,0.47815533980582525,0.17313915857605178
500,9,global,1.0,0.9904926534140017,0.4278305963699222,0.19014693171996544
500,10,global,1.0,0.9780564263322884,0.4443573667711599,0.1810344827586207
500,11,global,1.0,0.9976689976689976,0.45843045843045843,0.19114219114219114
500,12,global,1.0,0.9801587301587301,0.4031746031746032,0.1595238095238095
500,13,global,1.0,0.9672256097560976,0.3940548780487805,0.18064024390243902
500,14,global,1.0,0.9852686308492201,0.4289428076256499,0.15424610051993068
500,15,global,1.0,0.9905498281786942,0.4527491408934708,0.19243986254295534
500,16,global,1.0,0.9944444444444445,0.4658730158730159,0.2015873015873016
500,17,global,1.0,0.9613572101790764,0.471253534401508,0.19227144203581528
500,18,global,1.0,0.9559965487489215,0.4840379637618637,0.2070750647109577
500,19,global,1.0,0.990999099909991,0.2844284428442844,0.10261026102610261
500,20,global,1.0,0.9908675799086758,0.4867579908675799,0.20639269406392693
500,21,global,1.0,0.9959349593495935,0.4247967479674797,0.1565040650406504
500,22,global,1.0,0.9846153846153847,0.43626373626373627,0.15604395604395604
500,23,global,1.0,0.9907407407407407,0.42676767676767674,0.19107744107744107
500,24,global,1.0,0.9753694581280788,0.3045977011494253,0.1174055829228243
500,25,global,1.0,0.9664855072463768,0.391304347826087,0.16757246376811594
500,26,global,1.0,0.9612068965517241,0.4025862068965517,0.175
500,27,global,1.0,0.9462151394422311,0.4073705179282869,0.19223107569721115
500,28,global,1.0,0.9973045822102425,0.4636118598382749,0.18508535489667566
500,29,global,1.0,0.9731225296442688,0.40553359683794465,0.18102766798418973
500,30,global,1.0,0.9886956521739131,0.3521739130434783,0.1426086956521739
500,31,global,1.0,0.9773242630385488,0.3938019652305367,0.1360544217687075
500,32,global,1.0,0.9949494949494949,0.4484848484848485,0.20303030303030303
500,33,global,1.0,0.9812909260991581,0.41721234798877455,0.17305893358278765
500,34,global,1.0,0.991518235793045,0.47837150127226463,0.1993214588634436
500,35,global,1.0,0.9903288201160542,0.45551257253384914,0.19825918762088976
500,36,global,1.0,0.9932038834951457,0.46310679611650485,0.1825242718446602
500,37,global,1.0,0.9820415879017014,0.41398865784499056,0.15217391304347827
500,38,global,1.0,0.9905838041431262,0.4293785310734463,0.2128060263653484
500,39,global,1.0,0.9831858407079646,0.47079646017699117,0.16371681415929204
500,40,global,1.0,0.9544303797468354,0.4210970464135021,0.2
500,41,global,1.0,0.9966638865721434,0.4603836530442035,0.1901584653878232
500,42,global,1.0,1.0,0.4931255728689276,0.2236480293308891
500,43,global,1.0,0.99,0.5027272727272727,0.22272727272727272
500,44,global,1.0,0.9760479041916168,0.4234388366124893,0.1787852865697177
500,45,global,1.0,0.9882352941176471,0.44019607843137254,0.19607843137254902
500,46,global,1.0,0.9872340425531915,0.32907801418439714,0.15673758865248227
500,47,global,1.0,0.9791666666666666,0.3211805555555556,0.1345486111111111
500,48,global,1.0,0.9761129207383279,0.4028230184581976,0.1791530944625407
500,49,global,1.0,0.9855769230769231,0.4798076923076923,0.19134615384615383
500,50,global,1.0,0.9721559268098647,0.42482100238663484,0.16467780429594273
